method,parameter,scenario,minimum,p25,median,mean,p75,p90,p95,maximum,variance,low,medium,high,critical,staticSpearmanCorrelation,changedFromBaselineOdPaths
multiplicative_modulation,0.25,Q1,0.005397910447761193,0.057093283582089545,0.09321776119402984,0.11140268646153521,0.1354667910447761,0.1918541940298507,0.2755010447761187,0.6622820895522388,0.007922090916525248,1331,67,15,0,1.0,5
multiplicative_modulation,0.25,Q2,0.005801492537313433,0.061361940298507466,0.10018731343283584,0.11973185928108926,0.14559514925373135,0.2061984328358209,0.29609925373134255,0.7117985074626866,0.009150987192859329,1321,70,22,0,1.0,5
multiplicative_modulation,0.25,Q3,0.006040149253731343,0.06388619402985075,0.1043087313432836,0.12465728359265246,0.15158451492537314,0.21468084328358208,0.3082799253731336,0.7410798507462687,0.009919363654540575,1313,74,26,0,1.0,5
multiplicative_modulation,0.25,Q4,0.006150746268656716,0.06505597014925373,0.1062186567164179,0.126939797298011,0.15436007462686566,0.2186117164179104,0.31392462686567085,0.7546492537313433,0.010285942573609253,1307,75,30,1,1.0,5
multiplicative_modulation,0.5,Q1,0.0055958208955223885,0.05918656716417911,0.09663552238805971,0.11548718467112422,0.14043358208955226,0.1988883880597015,0.28560208955223815,0.6865641791044776,0.008513655701073921,1328,65,20,0,1.0,5
multiplicative_modulation,0.5,Q2,0.006402985074626866,0.06772388059701494,0.11057462686567165,0.1321455303102323,0.16069029850746272,0.22757686567164181,0.3267985074626858,0.7855970149253733,0.011146883203793926,1302,76,33,2,1.0,5
multiplicative_modulation,0.5,Q3,0.0068802985074626856,0.07277238805970149,0.11881746268656716,0.14199637893335867,0.17266902985074625,0.24454168656716416,0.35115985074626777,0.8441597014925373,0.012870725660510233,1278,97,32,6,1.0,5
multiplicative_modulation,0.5,Q4,0.0071014925373134325,0.07511194029850747,0.12263731343283583,0.1465614063440758,0.17822014925373136,0.2524034328358209,0.3624492537313424,0.8712985074626867,0.013711587570683371,1267,106,33,7,1.0,5
multiplicative_modulation,0.75,Q1,0.005793731343283582,0.061279850746268655,0.10005328358208955,0.11957168288071322,0.14540037313432835,0.20592258208955222,0.2957031343283575,0.7108462686567164,0.00912651932361199,1321,71,21,0,1.0,5
multiplicative_modulation,0.75,Q2,0.007004477611940298,0.07408582089552239,0.12096194029850746,0.1445592013393753,0.17578544776119404,0.24895529850746265,0.35749776119402893,0.8593955223880597,0.013339513002769773,1273,100,34,6,1.0,5
multiplicative_modulation,0.75,Q3,0.00772044776119403,0.08165858208955223,0.13332619402985074,0.15933547427406491,0.19375354477611942,0.27440252985074626,0.394039776119402,0.947239552238806,0.01620591098787496,1227,142,33,11,1.0,5
multiplicative_modulation,0.75,Q4,0.008052238805970148,0.08516791044776119,0.13905597014925375,0.16618301539014058,0.20208022388059702,0.2861951492537313,0.4109738805970139,0.9879477611940298,0.017628759961188324,1211,157,30,15,1.0,5
multiplicative_modulation,1.0,Q1,0.0059916417910447755,0.0633731343283582,0.1034710447761194,0.1236561810903022,0.15036716417910448,0.21295677611940295,0.3058041791044768,0.7351283582089552,0.009760681784139457,1315,72,26,0,1.0,5
multiplicative_modulation,1.0,Q2,0.007605970149253731,0.08044776119402985,0.1313492537313433,0.15697287236851837,0.19088059701492538,0.2703337313432836,0.3881970149253722,0.9331940298507463,0.015728876589786864,1237,133,34,9,1.0,5
multiplicative_modulation,1.0,Q3,0.008560597014925371,0.09054477611940298,0.14783492537313433,0.17663491998605696,0.21483805970149253,0.30426337313432833,0.43691970149253617,1.0,0.019857813969076172,1181,183,28,21,0.9999999989366024,5
multiplicative_modulation,1.0,Q4,0.009002985074626865,0.09522388059701493,0.15547462686567165,0.18564413178270012,0.22594029850746272,0.31998686567164175,0.45949850746268545,1.0,0.02176497720983551,1150,208,29,26,0.9999999627810816,5
multiplicative_modulation,1.5,Q1,0.006387462686567163,0.06755970149253732,0.11030656716417911,0.1318251775094802,0.16030074626865673,0.22702516417910446,0.3260062686567156,0.7836925373134328,0.011092903219162587,1304,74,33,2,1.0,5
multiplicative_modulation,1.5,Q2,0.008808955223880597,0.09317164179104477,0.15212388059701493,0.18171236598324722,0.22107089552238807,0.3130905970149253,0.44959552238805855,1.0,0.020948511109739602,1166,195,28,24,0.9999999957464093,5
multiplicative_modulation,1.5,Q3,0.01024089552238806,0.10831716417910447,0.1768523880597015,0.21049472631534474,0.25700708955223883,0.36398505970149253,0.5226795522388047,1.0,0.02700953306329157,1037,302,37,37,0.9999998245393722,6
multiplicative_modulation,1.5,Q4,0.010904477611940298,0.11533582089552238,0.18831194029850748,0.2235268931351734,0.273660447761194,0.38757029850746266,0.5565477611940285,1.0,0.02964467543840912,978,352,43,40,0.9999991322671395,6
logit_shift,0.25,Q1,0.005400635449775243,0.057011986261019006,0.09295979583916884,0.11072913548840987,0.13487968795969363,0.19062304413822687,0.27288593191020344,0.6467431399846371,0.007669144083192607,1335,65,13,0,1.0,5
logit_shift,0.25,Q2,0.005833941297281738,0.06133084969729752,0.09971388004472174,0.11796565682777893,0.14419531233595412,0.20288575937669365,0.2885534356565011,0.664266495410571,0.008343893016732055,1324,70,19,0,1.0,5
logit_shift,0.25,Q3,0.006106259410684832,0.06402683115016446,0.10391032574589365,0.12242612973789985,0.14995195318674504,0.2104093987775472,0.2980656738399136,0.6744235968123964,0.008760262412731215,1320,72,21,0,1.0,5
logit_shift,0.25,Q4,0.006236703642706764,0.06531328661040858,0.10590746272716337,0.12453968050167014,0.15268322303246065,0.21396467863244015,0.3025344320900079,0.6790762564587942,0.008957549908199544,1316,76,21,0,1.0,5
logit_shift,0.5,Q1,0.005608968518163141,0.05909297166092286,0.09621902206626501,0.11423023166068876,0.13938279969297399,0.19656435895206567,0.28050238330410465,0.6553891731570348,0.00799540158449086,1329,69,15,0,1.0,5
logit_shift,0.5,Q2,0.006544659064204493,0.06833772294724814,0.11058926778864311,0.1294717786547112,0.15906494928780168,0.22223598756628604,0.31286645604153945,0.6895544958952065,0.009417674173422754,1306,83,24,0,1.0,5
logit_shift,0.5,Q3,0.007169324038871469,0.074418514320093,0.11994563854634514,0.139237684775366,0.17173070173882793,0.23850518713654625,0.3329296426159906,0.7088547590553329,0.010326343218915766,1288,94,31,0,1.0,5
logit_shift,0.5,Q4,0.007478537061937214,0.07740206304225929,0.12450890526258093,0.14395910135242013,0.17786592334072174,0.2463165422139092,0.3424424832704765,0.7175549908653204,0.010763826856953217,1274,105,34,0,1.0,5
logit_shift,0.75,Q1,0.005825291102180978,0.061244981491089284,0.09957997347073196,0.11782288373673179,0.14401122651096815,0.20264448865494716,0.2882471387905878,0.6639335533683361,0.008330568279186622,1324,70,19,0,1.0,5
logit_shift,0.75,Q2,0.0073413204003454306,0.0760802286372662,0.12248940908354981,0.1418728680700539,0.17515413488697773,0.24286943714059006,0.3382540272218298,0.7137585382392905,0.010570696039642126,1283,98,32,0,1.0,5
logit_shift,0.75,Q3,0.008415894974106665,0.0863412046784288,0.13807420934433412,0.15784517806415482,0.19594343280185386,0.2690741213353833,0.3697235476820322,0.7410427957250884,0.012040400837506815,1234,142,37,0,1.0,5
logit_shift,0.75,Q4,0.008965409775952693,0.09150928047105067,0.14584454463580646,0.16570520809422754,0.20619137811250404,0.281806327995753,0.38471107139594896,0.7530975659298541,0.012754586436315081,1211,162,39,1,1.0,5
logit_shift,1.0,Q1,0.0060499058980685,0.06347007524897415,0.10304493837436497,0.12150846683439227,0.14876677990297296,0.20886379747514194,0.29611771886595856,0.6723719861468901,0.008674596712748348,1321,71,21,0,1.0,5
logit_shift,1.0,Q2,0.008234153116353718,0.08462026794964833,0.13547503380043216,0.15520114676778224,0.19249819087463305,0.2647664490069945,0.3646085166786677,0.7367958021050338,0.011798679613515722,1246,130,37,0,1.0,5
logit_shift,1.0,Q3,0.009877057955935882,0.09996773888791781,0.1584494159395522,0.17832197301126246,0.22265228762094763,0.3020071756756742,0.40809603737579603,0.7708227498172328,0.01388536328617529,1168,202,42,1,1.0,5
logit_shift,1.0,Q4,0.010744700269383596,0.10788699657492976,0.17012578065237924,0.18987300689964054,0.237723372013857,0.32023687436850456,0.42879468545166194,0.7855044878206908,0.014901233948129654,1116,253,41,3,1.0,5
logit_shift,1.5,Q1,0.006525279187853504,0.06814791489239277,0.11029599911187873,0.12916374485116625,0.15866606213151102,0.22172045385046985,0.31222510208749665,0.6889151223723301,0.009388953313977178,1306,83,24,0,1.0,5
logit_shift,1.5,Q2,0.0103552414661612,0.1043478678564397,0.1649224089372925,0.18474094945105543,0.23102806863429917,0.3121693431641902,0.41968113576883403,0.7791507017938003,0.014452338191546997,1144,225,42,2,1.0,5
logit_shift,1.5,Q3,0.013593455789718234,0.1330278029470981,0.20641427171080726,0.22504473515124965,0.28350487552673087,0.3741102264782784,0.48782238426407226,0.8228966356354188,0.0178577621032447,923,425,58,7,1.0,10
logit_shift,1.5,Q4,0.015415167108194468,0.14844661219793667,0.22810113103664562,0.2456151986299052,0.310126026540059,0.4044368334228014,0.5197114840198687,0.8407352636728138,0.019476872915833103,817,519,66,11,1.0,9
complement_uplift,0.25,Q1,0.042350341222085586,0.09029058348901386,0.12379099374783109,0.1406549734441354,0.162971071263172,0.2152625162418776,0.2928332937894486,0.6515187208709239,0.0068129769915938835,1320,78,15,0,1.0,5
complement_uplift,0.25,Q2,0.113864325706725,0.15822455548135828,0.18922327026363206,0.20482790592812228,0.22547751427623386,0.2738640139018981,0.3456420724408521,0.6775421048510599,0.005833430761282129,1203,185,25,0,1.0,5
complement_uplift,0.25,Q3,0.15361482317293018,0.19598513057742162,0.2255932971974277,0.24049793618145804,0.2602212391926647,0.3064372050202144,0.37499542531446917,0.6920070024010864,0.0053218141415723764,972,409,32,0,1.0,6
complement_uplift,0.25,Q4,0.1714262153371826,0.212904878863729,0.24188996903890592,0.25648095369949175,0.2757891980656215,0.3210325916953805,0.38814806773893634,0.6984884297869522,0.005100185623573275,814,562,37,0,1.0,9
complement_uplift,0.5,Q1,0.07811332030814655,0.12426325662565196,0.15651260971499303,0.17274681196851485,0.19422952554074546,0.2445681709376709,0.31924210403936865,0.6645325914269693,0.0063136235802145925,1283,109,21,0,1.0,5
complement_uplift,0.5,Q2,0.21065899351106054,0.25017365185761187,0.2777863046780934,0.29168640957018627,0.3100804130054958,0.35318154235056937,0.41711911603661495,0.7127649333041857,0.004628635010448306,350,1023,40,0,1.0,11
complement_uplift,0.5,Q3,0.279887547695426,0.3159366029072955,0.3411275089589634,0.35380851569603833,0.3705892870136439,0.40991026450578755,0.4682402417943903,0.7379566669338,0.0038523367834708937,0,1365,48,0,1.0,1
complement_uplift,0.5,Q4,0.3098768429528901,0.3444246246386019,0.36856644798524385,0.3807193504602929,0.39680128161191996,0.43448472541047145,0.490385533607954,0.7488695387504486,0.0035381546080284184,0,1351,62,0,1.0,1
complement_uplift,0.75,Q1,0.11254074764896682,0.15696723615628638,0.1880122522216422,0.20364019577674553,0.22432064744750368,0.27277941965066826,0.3446646896088967,0.6770604650672758,0.005850870003204887,1205,183,25,0,1.0,5
complement_uplift,0.75,Q2,0.2968805538475988,0.3320789338419592,0.3566753921512711,0.3690571561453421,0.38544193965670215,0.42383503205215695,0.4807885553442357,0.7441402900008351,0.003672669298167681,0,1359,54,0,1.0,1
complement_uplift,0.75,Q3,0.3873215668685347,0.41799244138597236,0.43942510068731433,0.4502142202384849,0.464491457973654,0.4979461146762085,0.547573806817074,0.777051072784891,0.002788616494017229,0,1274,136,3,1.0,2
complement_uplift,0.75,Q4,0.4251930477302214,0.4539680640380571,0.4740759067591953,0.4841981186594662,0.49759283775776797,0.5289795623730618,0.5755396188808004,0.7908322107743668,0.0024545259632221075,0,1090,317,6,1.0,2
complement_uplift,1.0,Q1,0.14568249880049267,0.1884499008508902,0.21833555529574633,0.2333798806002751,0.2532880304654488,0.29993713246098275,0.3691378805979507,0.6891204911196003,0.00542203369578128,1035,347,31,0,1.0,6
complement_uplift,1.0,Q2,0.37368393192101734,0.40503751072111127,0.4269472404850322,0.43797651550094124,0.4525715508698478,0.4867708761795084,0.5375032332018285,0.7720884432603622,0.0029141420188145395,0,1304,107,2,1.0,2
complement_uplift,1.0,Q3,0.47872743871722223,0.5048225066222105,0.5230576143148529,0.5322370984916984,0.5443843063576848,0.5728478422733265,0.6150715485340481,0.8103129602087198,0.002018614256175845,0,271,1135,7,1.0,9
complement_uplift,1.0,Q4,0.5212404785960295,0.5452073303912826,0.5619552509229051,0.570386090713181,0.5815426177515558,0.6076847741675828,0.6464648729158051,0.8257831255043855,0.001702779661030296,0,0,1397,16,1.0,0
complement_uplift,1.5,Q1,0.2082992314199289,0.24793202019685645,0.2756272219927818,0.28956888172659373,0.3080178746679013,0.3512478563217709,0.41537657358371455,0.7119062341918116,0.004656351305186361,379,995,39,0,1.0,11
complement_uplift,1.5,Q2,0.5030388464438487,0.5279168776532339,0.5453015259682259,0.5540528921140854,0.5656335715550125,0.5927696088099081,0.6330240617185876,0.8191596928153129,0.0018347144863768308,0,0,1402,11,1.0,0
complement_uplift,1.5,Q3,0.6226629850980826,0.6415525944086129,0.6547525623605497,0.6613973762542762,0.6701904559135332,0.6907945438201196,0.7213592971984832,0.8626899885459448,0.0010577485158410858,0,0,1369,44,1.0,1
complement_uplift,1.5,Q4,0.6678698910558187,0.684496428475823,0.6961149726970308,0.701963703871763,0.709703327576432,0.72783894028034,0.7547418797442745,0.8791404308023788,0.0008194832886723761,0,0,1337,76,1.0,5
