segment_id,road_type,length_km,travel_time_minutes,rainfall_mm,hazard_score,elevation_meters,historical_flood_exposure,drainage_pressure,is_disrupted
syn-road-0000,secondary,11.54,23.3,132.7,0.74,3.3,0.68,0.77,1
syn-road-0001,local,4.21,14.2,220.8,0.55,15.0,0.54,0.59,1
syn-road-0002,arterial,5.65,6.1,96.1,0.61,3.2,0.56,0.54,1
syn-road-0003,secondary,9.86,23.4,248.1,0.59,6.9,0.16,0.94,0
syn-road-0004,arterial,9.67,14.6,76.7,0.43,6.9,0.1,0.48,0
syn-road-0005,local,1.34,5.5,112.7,0.7,3.7,0.56,0.76,0
syn-road-0006,secondary,8.16,16.8,50.7,0.25,17.6,0.58,0.18,0
syn-road-0007,arterial,0.95,1.0,101.2,0.18,18.1,0.07,0.22,0
syn-road-0008,arterial,1.99,1.1,97.4,0.38,10.1,0.49,0.44,1
syn-road-0009,local,12.21,37.6,203.2,0.66,5.8,0.44,0.83,1
syn-road-0010,local,2.87,11.2,176.1,0.75,0.7,0.22,0.91,1
syn-road-0011,primary,13.03,20.3,79.4,0.43,8.5,0.87,0.41,0
syn-road-0012,primary,5.82,12.2,95.0,0.36,16.1,0.66,0.24,0
syn-road-0013,secondary,5.43,9.8,90.9,0.43,14.2,0.8,0.37,1
syn-road-0014,local,12.61,40.4,246.0,0.82,3.8,0.33,0.95,1
syn-road-0015,secondary,2.65,7.1,206.9,0.69,6.5,0.57,0.76,0
syn-road-0016,secondary,0.71,1.0,133.6,0.35,17.4,0.65,0.3,0
syn-road-0017,arterial,5.34,7.4,76.4,0.47,13.9,0.78,0.32,1
syn-road-0018,secondary,8.58,16.2,241.4,0.92,1.5,0.8,1.0,1
syn-road-0019,primary,4.35,4.7,222.9,0.61,11.5,0.12,0.54,1
syn-road-0020,arterial,9.47,10.7,66.5,0.33,14.8,0.91,0.21,0
syn-road-0021,local,10.38,36.0,110.4,0.52,5.6,0.55,0.52,0
syn-road-0022,secondary,5.83,10.5,209.6,0.83,0.9,0.94,0.72,1
syn-road-0023,local,7.76,27.9,209.7,0.55,12.3,0.79,0.72,1
syn-road-0024,local,5.16,18.8,150.3,0.35,17.5,0.38,0.38,0
syn-road-0025,local,7.46,25.3,157.2,0.33,17.8,0.66,0.44,0
syn-road-0026,arterial,10.08,12.1,88.8,0.41,17.2,0.81,0.28,0
syn-road-0027,arterial,4.27,3.2,225.2,0.44,14.2,0.17,0.71,0
syn-road-0028,primary,10.08,13.9,203.5,0.73,1.8,0.53,0.74,0
syn-road-0029,local,8.87,28.3,116.6,0.62,2.4,0.16,0.67,1
syn-road-0030,secondary,10.98,24.5,241.7,0.79,4.2,0.17,0.81,1
syn-road-0031,local,1.05,7.1,128.6,0.43,15.5,0.66,0.38,0
syn-road-0032,local,11.07,31.3,135.5,0.53,3.3,0.44,0.56,0
syn-road-0033,primary,5.86,8.7,233.1,0.66,7.0,0.13,0.94,1
syn-road-0034,secondary,3.76,8.0,122.9,0.72,-0.4,0.69,0.83,1
syn-road-0035,secondary,11.42,22.6,61.8,0.31,18.5,0.76,0.17,0
syn-road-0036,primary,12.59,21.7,109.7,0.35,12.9,0.5,0.44,0
syn-road-0037,arterial,11.25,13.2,168.2,0.59,9.4,0.18,0.5,0
syn-road-0038,local,3.29,11.8,171.0,0.66,-0.5,0.16,0.99,1
syn-road-0039,arterial,6.85,7.8,220.9,0.91,0.6,0.7,1.0,1
syn-road-0040,arterial,0.68,1.1,186.8,0.71,6.2,0.44,0.85,1
syn-road-0041,arterial,14.76,16.0,161.2,0.45,11.7,0.08,0.42,0
syn-road-0042,local,11.95,38.8,211.2,0.75,1.8,0.36,0.97,1
syn-road-0043,arterial,6.15,10.9,139.3,0.49,12.7,0.73,0.48,0
syn-road-0044,arterial,2.87,2.2,237.9,0.82,1.4,0.43,0.78,1
syn-road-0045,arterial,13.44,18.6,200.8,0.63,11.9,0.56,0.57,0
syn-road-0046,primary,5.8,11.0,242.0,0.96,4.1,0.85,0.74,1
syn-road-0047,primary,5.8,9.5,104.5,0.73,3.9,0.79,0.68,0
syn-road-0048,arterial,10.56,15.5,235.6,0.55,16.4,0.32,0.56,0
syn-road-0049,arterial,12.01,14.1,60.2,0.48,0.8,0.51,0.55,0
syn-road-0050,arterial,0.73,5.0,189.6,0.88,1.6,0.86,0.94,1
syn-road-0051,primary,11.9,19.5,67.5,0.15,18.0,0.25,0.18,0
syn-road-0052,local,4.71,16.6,207.0,0.78,3.0,0.32,0.88,1
syn-road-0053,primary,11.8,18.7,240.7,0.72,1.9,0.15,0.87,1
syn-road-0054,arterial,0.85,5.7,139.1,0.3,17.7,0.06,0.28,0
syn-road-0055,secondary,14.48,28.1,126.0,0.64,6.8,0.93,0.63,0
syn-road-0056,secondary,6.25,13.2,88.0,0.56,5.8,0.8,0.53,0
syn-road-0057,arterial,6.63,8.0,117.1,0.35,13.7,0.25,0.39,0
syn-road-0058,arterial,4.13,4.3,215.4,0.41,16.7,0.17,0.56,0
syn-road-0059,primary,9.79,16.6,157.1,0.82,-0.6,0.47,0.79,0
syn-road-0060,arterial,14.33,20.9,113.8,0.53,6.4,0.62,0.56,0
syn-road-0061,secondary,9.81,17.7,174.8,0.5,17.6,0.99,0.33,0
syn-road-0062,secondary,7.74,16.8,157.3,0.74,1.8,0.34,0.66,0
syn-road-0063,arterial,7.46,12.3,55.7,0.16,13.4,0.03,0.25,0
syn-road-0064,primary,14.77,24.7,186.6,0.44,17.2,0.27,0.43,1
syn-road-0065,primary,10.06,16.6,63.8,0.35,18.1,0.79,0.21,1
syn-road-0066,arterial,5.24,9.9,235.5,0.83,4.4,0.43,0.94,1
syn-road-0067,secondary,10.04,24.5,114.4,0.44,6.7,0.42,0.61,0
syn-road-0068,primary,2.9,8.5,179.2,0.5,8.0,0.03,0.7,1
syn-road-0069,primary,7.78,12.3,100.4,0.41,12.3,0.08,0.33,0
syn-road-0070,primary,7.88,10.8,222.7,0.72,2.4,0.07,0.77,1
syn-road-0071,primary,4.43,7.4,177.8,0.42,20.0,0.64,0.29,0
syn-road-0072,primary,6.31,9.4,148.7,0.66,9.3,0.72,0.65,1
syn-road-0073,arterial,6.52,8.3,228.0,0.59,15.3,0.53,0.65,1
syn-road-0074,secondary,1.56,3.6,197.2,0.73,9.4,0.59,0.68,1
syn-road-0075,arterial,14.95,20.2,146.4,0.37,11.5,0.37,0.58,1
syn-road-0076,arterial,10.29,15.6,120.6,0.44,7.6,0.35,0.54,1
syn-road-0077,local,9.11,31.9,243.8,0.47,17.5,0.41,0.63,1
syn-road-0078,local,14.38,42.7,144.0,0.57,11.4,0.72,0.4,1
syn-road-0079,arterial,10.54,14.3,161.6,0.57,12.3,0.83,0.46,0
syn-road-0080,secondary,10.91,24.9,192.9,0.65,6.0,0.61,0.87,1
syn-road-0081,arterial,10.46,10.9,121.9,0.71,-0.9,0.84,0.62,1
syn-road-0082,local,10.69,36.5,137.4,0.62,4.0,0.26,0.72,1
syn-road-0083,local,10.58,34.6,58.3,0.12,18.1,0.02,0.19,0
syn-road-0084,arterial,14.6,20.8,53.1,0.74,-0.6,0.93,0.74,1
syn-road-0085,secondary,13.59,26.2,218.5,0.51,13.6,0.22,0.71,0
syn-road-0086,local,11.69,36.1,74.1,0.47,10.4,0.99,0.34,1
syn-road-0087,arterial,3.27,5.2,128.1,0.27,18.4,0.31,0.28,1
syn-road-0088,local,11.48,36.1,101.6,0.4,8.6,0.56,0.57,0
syn-road-0089,primary,11.0,15.8,52.5,0.26,9.5,0.0,0.42,0
syn-road-0090,primary,9.05,15.9,71.7,0.39,16.5,0.76,0.23,1
syn-road-0091,arterial,12.71,16.8,228.6,0.75,6.7,0.55,0.82,0
syn-road-0092,local,10.69,32.5,55.3,0.2,18.6,0.62,0.13,0
syn-road-0093,secondary,1.17,3.1,205.5,0.68,9.4,0.47,0.72,1
syn-road-0094,arterial,1.65,1.4,226.1,0.48,15.6,0.31,0.45,0
syn-road-0095,primary,9.69,15.6,208.1,0.67,10.5,0.87,0.62,0
syn-road-0096,primary,4.83,9.3,90.2,0.46,5.0,0.51,0.63,0
syn-road-0097,arterial,13.25,20.1,236.7,0.69,11.1,0.57,0.83,1
syn-road-0098,arterial,10.52,13.8,71.5,0.63,4.1,0.68,0.6,1
syn-road-0099,primary,5.36,9.9,162.4,0.37,15.0,0.47,0.44,0
syn-road-0100,arterial,11.71,14.5,184.8,0.63,13.2,0.67,0.49,0
syn-road-0101,secondary,9.92,20.3,225.4,0.94,-0.1,0.99,0.99,1
syn-road-0102,arterial,1.95,5.9,191.1,0.55,19.3,0.81,0.4,0
syn-road-0103,local,10.6,36.0,171.9,0.71,3.0,0.99,0.67,1
syn-road-0104,secondary,9.6,23.4,155.4,0.49,13.8,0.13,0.54,0
syn-road-0105,arterial,8.66,11.5,113.2,0.46,11.9,0.79,0.49,0
syn-road-0106,local,9.03,26.6,90.2,0.32,18.2,0.21,0.22,0
syn-road-0107,primary,10.93,15.8,83.5,0.58,9.9,0.83,0.45,1
syn-road-0108,secondary,5.6,13.3,195.5,0.67,8.2,0.92,0.68,1
syn-road-0109,arterial,13.71,19.2,112.6,0.4,14.3,0.88,0.37,0
syn-road-0110,primary,12.6,21.3,238.5,0.39,19.6,0.08,0.41,1
syn-road-0111,primary,2.54,8.1,108.3,0.59,4.8,0.91,0.48,0
syn-road-0112,local,8.77,27.0,152.6,0.61,5.3,0.59,0.59,1
syn-road-0113,arterial,3.72,9.4,61.5,0.26,8.6,0.07,0.33,0
syn-road-0114,arterial,3.74,7.1,57.9,0.56,1.0,0.66,0.64,1
syn-road-0115,primary,5.53,10.1,146.9,0.51,10.5,0.96,0.46,0
syn-road-0116,local,3.9,12.3,68.9,0.42,7.5,0.13,0.39,1
syn-road-0117,primary,5.91,12.8,51.2,0.51,4.6,0.16,0.54,0
syn-road-0118,secondary,12.2,27.7,109.9,0.32,18.2,0.85,0.26,0
syn-road-0119,arterial,11.89,13.8,59.1,0.35,12.9,0.17,0.35,0
syn-road-0120,arterial,11.67,17.2,225.5,0.57,6.6,0.18,0.89,1
syn-road-0121,primary,13.17,22.2,243.2,0.55,18.4,0.27,0.57,0
syn-road-0122,secondary,11.38,22.4,213.5,0.58,9.0,0.07,0.83,0
syn-road-0123,local,9.13,26.4,172.9,0.5,10.4,0.51,0.55,1
syn-road-0124,arterial,14.49,17.7,80.8,0.35,5.9,0.23,0.52,1
syn-road-0125,arterial,4.37,4.8,187.3,0.6,8.9,0.49,0.63,0
syn-road-0126,local,6.45,22.1,102.5,0.28,18.9,0.91,0.23,1
syn-road-0127,arterial,7.37,8.1,80.5,0.38,12.3,0.04,0.33,0
syn-road-0128,secondary,9.77,21.3,96.1,0.55,3.5,0.39,0.56,1
syn-road-0129,secondary,9.35,21.5,190.7,0.64,14.9,0.77,0.55,0
syn-road-0130,primary,4.81,6.8,122.1,0.38,14.7,0.42,0.42,0
syn-road-0131,local,12.09,39.5,112.0,0.61,2.1,0.75,0.67,1
syn-road-0132,local,2.32,7.9,80.6,0.44,8.2,0.59,0.44,0
syn-road-0133,secondary,14.49,31.5,224.9,0.83,2.5,0.59,1.0,1
syn-road-0134,primary,10.87,17.1,147.6,0.52,10.6,0.62,0.43,1
syn-road-0135,arterial,8.02,13.2,110.6,0.5,12.0,0.78,0.4,1
syn-road-0136,secondary,14.59,28.0,189.5,0.6,1.4,0.09,0.95,1
syn-road-0137,arterial,14.13,17.3,173.0,0.59,8.9,0.45,0.54,1
syn-road-0138,primary,12.07,19.4,139.5,0.34,19.8,0.62,0.29,1
syn-road-0139,local,10.67,32.8,192.4,0.65,11.0,0.88,0.49,0
syn-road-0140,primary,13.83,20.5,181.8,0.71,8.7,0.7,0.65,1
syn-road-0141,secondary,6.1,15.6,225.1,0.77,6.3,0.85,0.92,1
syn-road-0142,arterial,7.76,7.8,148.5,0.64,3.6,0.84,0.72,0
syn-road-0143,local,10.71,34.0,60.4,0.3,6.8,0.13,0.5,0
syn-road-0144,local,6.04,19.5,95.3,0.59,3.5,0.66,0.63,0
syn-road-0145,primary,7.63,13.7,98.2,0.54,2.8,0.18,0.5,1
syn-road-0146,primary,10.99,14.7,131.0,0.17,19.7,0.23,0.23,0
syn-road-0147,secondary,9.52,23.5,242.8,0.8,10.9,0.71,0.58,1
syn-road-0148,local,7.65,21.3,210.5,0.65,6.4,0.03,0.8,1
syn-road-0149,arterial,2.3,5.8,119.0,0.65,0.7,0.44,0.75,0
syn-road-0150,local,10.81,33.6,57.7,0.4,10.1,0.45,0.39,0
syn-road-0151,arterial,3.4,5.7,100.4,0.33,10.2,0.24,0.47,1
syn-road-0152,primary,6.7,11.5,151.6,0.69,4.3,0.68,0.74,0
syn-road-0153,local,14.94,48.7,82.4,0.35,15.6,0.96,0.22,1
syn-road-0154,local,10.35,30.2,102.5,0.51,0.5,0.24,0.59,1
syn-road-0155,local,3.56,13.7,101.4,0.52,11.0,0.57,0.48,1
syn-road-0156,secondary,8.68,21.1,176.6,0.68,9.8,0.89,0.5,1
syn-road-0157,local,8.28,26.2,226.4,0.7,13.9,0.63,0.62,0
syn-road-0158,local,6.1,17.1,228.2,0.77,7.4,0.96,0.64,1
syn-road-0159,primary,3.5,8.3,88.7,0.45,12.2,0.81,0.41,0
syn-road-0160,local,3.76,14.6,67.7,0.4,7.1,0.15,0.46,0
syn-road-0161,primary,10.71,16.0,130.5,0.55,9.3,0.22,0.48,0
syn-road-0162,local,12.92,38.2,229.2,0.44,17.1,0.02,0.62,1
syn-road-0163,local,6.39,22.1,130.8,0.3,18.7,0.78,0.26,1
syn-road-0164,arterial,13.58,16.6,73.0,0.52,1.8,0.54,0.6,1
syn-road-0165,secondary,13.66,31.3,199.7,0.61,12.0,0.42,0.68,0
syn-road-0166,arterial,7.84,12.9,119.7,0.74,-0.8,0.33,0.88,1
syn-road-0167,arterial,6.89,11.1,102.4,0.4,10.1,0.18,0.54,1
syn-road-0168,local,13.36,44.1,109.5,0.66,0.5,0.65,0.6,1
syn-road-0169,primary,3.01,6.2,167.3,0.44,15.8,0.94,0.47,1
syn-road-0170,secondary,9.34,23.3,113.5,0.65,6.9,0.87,0.57,1
syn-road-0171,arterial,4.69,9.0,191.5,0.51,18.0,0.43,0.36,1
syn-road-0172,secondary,4.08,10.5,85.7,0.5,4.5,0.26,0.57,0
syn-road-0173,arterial,14.49,18.8,207.2,0.73,8.8,0.57,0.82,1
syn-road-0174,secondary,1.83,7.9,150.0,0.37,15.3,0.11,0.45,0
syn-road-0175,arterial,13.89,21.4,166.4,0.44,12.9,0.62,0.45,1
syn-road-0176,local,9.29,32.5,176.4,0.71,-0.6,0.37,0.79,1
syn-road-0177,local,8.7,27.4,114.1,0.6,1.0,0.27,0.58,1
syn-road-0178,primary,13.78,25.0,131.8,0.41,17.0,0.78,0.31,1
syn-road-0179,local,2.02,5.6,147.4,0.44,17.4,0.37,0.35,1
syn-road-0180,primary,14.17,20.3,115.1,0.64,0.9,0.72,0.75,1
syn-road-0181,local,4.53,13.7,208.0,0.49,10.0,0.25,0.77,1
syn-road-0182,secondary,9.86,18.8,154.7,0.3,16.3,0.3,0.37,0
syn-road-0183,local,12.73,41.9,107.9,0.59,6.2,0.86,0.51,1
syn-road-0184,primary,3.67,7.3,137.2,0.54,5.7,0.65,0.72,0
syn-road-0185,local,4.73,14.4,126.7,0.71,3.7,0.58,0.54,1
syn-road-0186,secondary,9.65,18.0,77.6,0.37,14.0,0.7,0.27,0
syn-road-0187,arterial,12.07,17.2,248.2,0.57,19.8,0.53,0.45,1
syn-road-0188,arterial,10.47,12.0,227.8,0.79,-0.0,0.02,1.0,1
syn-road-0189,secondary,10.74,23.7,246.9,0.82,1.3,0.14,1.0,1
syn-road-0190,arterial,4.7,6.2,177.7,0.53,13.1,0.24,0.52,0
syn-road-0191,arterial,4.55,4.2,159.1,0.33,19.9,0.37,0.36,0
syn-road-0192,arterial,1.91,2.0,119.9,0.31,17.0,0.05,0.28,0
syn-road-0193,local,11.6,38.8,221.6,0.68,9.5,0.65,0.62,0
syn-road-0194,arterial,7.54,7.5,111.1,0.48,4.7,0.12,0.58,0
syn-road-0195,primary,11.82,22.5,245.2,0.57,13.8,0.55,0.54,0
syn-road-0196,arterial,13.44,14.2,132.5,0.7,1.8,0.28,0.68,0
syn-road-0197,local,1.49,8.0,185.8,0.62,10.3,0.55,0.5,0
syn-road-0198,secondary,9.26,18.7,90.5,0.28,13.8,0.18,0.29,1
syn-road-0199,arterial,10.49,14.7,152.6,0.76,2.9,0.81,0.87,1
syn-road-0200,local,14.5,45.2,164.6,0.83,0.5,0.67,0.85,1
syn-road-0201,arterial,6.46,12.1,120.7,0.56,10.2,0.68,0.4,0
syn-road-0202,primary,8.57,12.1,135.8,0.44,16.2,0.84,0.34,0
syn-road-0203,arterial,6.82,6.6,169.3,0.73,-0.5,0.3,0.86,1
syn-road-0204,secondary,11.76,27.3,166.2,0.45,9.3,0.11,0.7,1
syn-road-0205,secondary,7.54,17.2,217.7,0.68,7.1,0.68,0.61,0
syn-road-0206,secondary,2.16,7.2,93.9,0.7,1.5,0.85,0.55,0
syn-road-0207,secondary,3.14,11.1,153.7,0.34,12.6,0.23,0.47,0
syn-road-0208,secondary,14.99,34.2,84.6,0.39,15.0,0.41,0.28,0
syn-road-0209,secondary,6.22,15.0,199.4,0.65,11.7,0.54,0.6,1
syn-road-0210,secondary,13.34,28.3,147.1,0.51,11.1,0.61,0.42,1
syn-road-0211,arterial,9.14,15.3,171.1,0.54,8.3,0.26,0.57,1
syn-road-0212,primary,0.98,3.1,134.5,0.54,13.7,0.72,0.4,1
syn-road-0213,local,5.32,18.7,134.8,0.29,12.8,0.12,0.42,0
syn-road-0214,local,2.95,12.9,113.3,0.31,15.1,0.02,0.33,0
syn-road-0215,local,9.04,26.4,132.7,0.55,10.4,0.3,0.49,0
syn-road-0216,local,11.81,38.8,158.0,0.64,2.5,0.06,0.63,1
syn-road-0217,secondary,5.24,10.3,181.2,0.73,8.7,0.67,0.75,1
syn-road-0218,arterial,7.78,8.9,71.7,0.4,7.5,0.43,0.53,0
syn-road-0219,primary,9.18,15.2,168.7,0.64,3.6,0.18,0.74,1
syn-road-0220,local,12.59,42.5,250.0,0.74,7.8,0.08,0.78,1
syn-road-0221,local,7.67,26.7,179.7,0.61,8.3,0.08,0.74,1
syn-road-0222,arterial,3.69,5.1,190.6,0.41,19.7,0.36,0.4,0
syn-road-0223,primary,5.63,7.5,220.2,0.41,16.4,0.31,0.43,0
syn-road-0224,arterial,5.07,4.5,94.8,0.28,17.9,0.9,0.22,0
syn-road-0225,secondary,7.99,16.3,196.8,0.83,1.0,0.65,0.95,1
syn-road-0226,primary,10.95,19.5,107.7,0.49,1.6,0.11,0.55,1
syn-road-0227,secondary,1.71,7.2,177.2,0.43,16.3,0.5,0.39,1
syn-road-0228,arterial,6.01,11.0,174.0,0.41,18.7,0.81,0.35,1
syn-road-0229,secondary,2.15,5.4,75.4,0.63,4.7,0.87,0.5,0
syn-road-0230,arterial,3.7,3.0,140.3,0.55,8.1,0.2,0.6,1
syn-road-0231,local,6.08,21.6,186.4,0.72,8.3,0.81,0.71,1
syn-road-0232,local,12.89,37.9,197.7,0.47,16.2,0.14,0.4,1
syn-road-0233,secondary,7.11,16.7,232.5,0.77,1.3,0.59,0.87,1
syn-road-0234,secondary,5.93,11.2,55.6,0.52,8.7,0.74,0.44,1
syn-road-0235,primary,7.2,13.4,211.5,0.69,5.6,0.32,0.75,1
syn-road-0236,arterial,10.76,17.0,128.5,0.6,12.8,0.81,0.47,0
syn-road-0237,local,11.89,37.3,182.9,0.55,14.6,0.61,0.5,0
syn-road-0238,local,12.94,37.9,191.9,0.73,7.6,0.66,0.59,1
syn-road-0239,primary,8.96,12.0,136.0,0.42,9.7,0.47,0.53,1
syn-road-0240,local,11.24,36.4,173.3,0.59,9.6,0.94,0.51,0
syn-road-0241,arterial,6.48,10.8,197.7,0.71,2.1,0.43,0.8,0
syn-road-0242,primary,5.41,9.3,111.6,0.44,6.8,0.47,0.54,0
syn-road-0243,arterial,0.55,1.0,182.5,0.53,19.7,0.65,0.37,0
syn-road-0244,primary,8.64,16.9,225.5,0.39,19.8,0.49,0.39,1
syn-road-0245,local,5.75,19.7,170.9,0.4,17.5,0.52,0.44,0
syn-road-0246,primary,9.78,13.8,242.2,0.6,8.4,0.14,0.64,1
syn-road-0247,primary,9.24,18.3,175.4,0.66,10.8,0.55,0.65,0
syn-road-0248,arterial,0.88,1.0,243.0,0.73,5.6,0.81,0.94,1
syn-road-0249,local,2.09,7.7,187.2,0.61,15.8,0.72,0.53,1
syn-road-0250,arterial,1.5,3.4,224.7,0.56,6.3,0.15,0.7,1
syn-road-0251,secondary,1.36,4.2,171.9,0.85,0.2,0.91,1.0,1
syn-road-0252,arterial,1.74,4.2,137.6,0.56,3.1,0.32,0.78,1
syn-road-0253,secondary,10.05,22.1,198.4,0.63,5.7,0.32,0.81,1
syn-road-0254,local,1.64,5.3,169.5,0.68,3.2,0.72,0.67,1
syn-road-0255,secondary,8.42,17.9,167.8,0.62,3.4,0.65,0.87,1
syn-road-0256,arterial,3.73,5.2,123.0,0.59,14.3,0.97,0.37,0
syn-road-0257,local,10.96,35.8,74.8,0.5,4.9,0.1,0.53,1
syn-road-0258,local,2.88,7.5,232.7,0.48,18.7,0.41,0.54,0
syn-road-0259,arterial,13.05,18.7,130.4,0.7,1.6,0.69,0.64,0
syn-road-0260,primary,14.71,23.3,227.2,0.64,13.5,0.9,0.69,0
syn-road-0261,local,1.53,7.6,200.4,0.43,14.1,0.36,0.51,1
syn-road-0262,primary,7.41,12.2,226.6,0.61,15.2,0.47,0.52,1
syn-road-0263,primary,10.82,17.9,132.8,0.33,16.0,0.17,0.42,1
syn-road-0264,local,8.27,27.2,114.1,0.76,0.4,0.73,0.76,0
syn-road-0265,primary,8.45,13.4,219.5,0.61,18.9,0.95,0.51,0
syn-road-0266,arterial,6.78,7.7,57.2,0.57,7.5,0.98,0.47,0
syn-road-0267,arterial,11.23,13.8,192.9,0.38,16.3,0.28,0.43,0
syn-road-0268,primary,3.47,6.5,243.1,0.51,14.6,0.13,0.59,1
syn-road-0269,arterial,10.21,12.1,232.1,0.6,9.2,0.21,0.77,0
syn-road-0270,primary,1.04,6.5,147.1,0.45,14.9,0.08,0.42,1
syn-road-0271,secondary,6.18,17.3,93.7,0.59,2.7,0.54,0.72,1
syn-road-0272,secondary,10.75,20.8,206.8,0.45,17.4,0.63,0.57,0
syn-road-0273,primary,0.68,5.2,85.4,0.35,13.1,0.57,0.29,0
syn-road-0274,secondary,12.63,24.6,193.2,0.44,12.3,0.37,0.47,1
syn-road-0275,local,11.13,38.0,230.8,0.68,5.1,0.14,0.79,1
syn-road-0276,arterial,3.15,6.3,243.0,0.81,8.5,0.85,0.66,1
syn-road-0277,arterial,4.93,5.5,175.9,0.44,13.3,0.4,0.6,0
syn-road-0278,local,7.24,22.4,241.9,0.7,10.0,0.52,0.65,0
syn-road-0279,arterial,14.06,20.5,118.7,0.36,12.6,0.44,0.4,0
syn-road-0280,local,10.66,31.9,235.1,0.63,14.5,0.82,0.58,0
syn-road-0281,local,8.05,26.9,243.9,0.5,17.4,0.33,0.61,1
syn-road-0282,secondary,5.42,13.5,219.3,0.6,10.4,0.19,0.64,1
syn-road-0283,local,14.35,46.7,224.0,0.61,7.8,0.28,0.89,0
syn-road-0284,primary,4.78,11.7,248.2,0.66,5.2,0.1,0.91,0
syn-road-0285,primary,9.51,17.6,226.9,0.92,3.0,0.96,0.99,1
syn-road-0286,secondary,12.38,24.6,177.0,0.66,-0.2,0.39,0.95,1
syn-road-0287,primary,12.98,19.8,150.3,0.67,-0.1,0.03,0.9,1
syn-road-0288,secondary,13.41,29.4,77.8,0.37,14.5,0.65,0.27,0
syn-road-0289,secondary,3.0,4.2,50.5,0.28,15.8,0.15,0.19,0
syn-road-0290,local,6.49,20.3,152.9,0.43,16.5,0.43,0.34,1
syn-road-0291,arterial,10.33,15.8,186.2,0.71,5.4,0.78,0.78,1
syn-road-0292,arterial,3.3,2.6,159.0,0.23,19.0,0.04,0.39,1
syn-road-0293,secondary,9.84,18.8,241.9,0.53,14.5,0.23,0.53,1
syn-road-0294,primary,3.74,5.3,121.0,0.64,2.3,0.76,0.67,0
syn-road-0295,primary,4.34,9.1,176.7,0.45,16.4,0.72,0.48,1
syn-road-0296,local,2.46,5.5,165.7,0.64,13.1,0.84,0.59,1
syn-road-0297,primary,4.66,7.1,156.6,0.7,6.2,0.96,0.73,1
syn-road-0298,local,8.89,29.8,107.5,0.59,6.7,0.44,0.46,0
syn-road-0299,secondary,1.7,6.2,225.9,0.82,5.2,0.51,0.95,1
syn-road-0300,secondary,11.69,26.4,230.2,0.62,16.7,0.54,0.57,0
syn-road-0301,primary,12.47,18.1,81.7,0.4,7.3,0.37,0.39,1
syn-road-0302,secondary,10.14,25.3,212.3,0.61,17.7,0.64,0.43,1
syn-road-0303,primary,9.13,18.2,193.8,0.53,16.2,0.93,0.52,0
syn-road-0304,arterial,1.0,2.3,141.5,0.53,-0.3,0.04,0.84,1
syn-road-0305,local,14.41,46.3,205.8,0.7,5.4,0.42,0.71,1
syn-road-0306,local,2.76,9.9,81.6,0.2,18.1,0.52,0.24,0
syn-road-0307,local,11.78,34.1,196.9,0.82,5.7,0.85,0.72,0
syn-road-0308,secondary,13.05,27.7,94.9,0.38,14.3,0.49,0.4,1
syn-road-0309,primary,12.03,21.6,228.5,0.67,15.8,0.9,0.48,1
syn-road-0310,arterial,14.23,16.4,198.8,0.3,19.1,0.31,0.34,0
syn-road-0311,secondary,2.4,5.0,187.7,0.49,13.8,0.72,0.52,1
syn-road-0312,primary,10.05,15.9,149.0,0.42,15.2,0.59,0.5,1
syn-road-0313,arterial,10.06,12.7,150.2,0.75,0.5,0.44,0.93,1
syn-road-0314,local,7.0,25.6,132.0,0.63,0.0,0.56,0.87,0
syn-road-0315,primary,9.76,16.9,75.3,0.19,18.3,0.33,0.16,0
syn-road-0316,local,9.4,32.4,68.2,0.73,0.8,0.87,0.7,1
syn-road-0317,local,6.88,21.5,182.4,0.33,18.6,0.06,0.4,0
syn-road-0318,arterial,11.28,13.2,167.1,0.36,19.5,0.55,0.37,0
syn-road-0319,local,12.98,41.4,178.7,0.45,19.2,0.7,0.42,1
syn-road-0320,arterial,12.06,14.8,126.9,0.58,13.2,0.81,0.41,1
syn-road-0321,secondary,4.54,9.7,182.8,0.55,4.6,0.12,0.89,1
syn-road-0322,primary,10.67,18.7,80.0,0.49,7.9,0.48,0.38,1
syn-road-0323,secondary,7.35,13.3,218.5,0.84,1.6,0.65,0.95,1
syn-road-0324,arterial,11.5,18.3,116.7,0.51,8.4,0.9,0.59,0
syn-road-0325,arterial,4.16,6.2,123.3,0.45,9.8,0.03,0.51,0
syn-road-0326,secondary,11.3,26.4,107.3,0.28,12.5,0.07,0.4,1
syn-road-0327,arterial,12.53,19.9,100.0,0.22,19.0,0.64,0.18,1
syn-road-0328,local,12.1,41.2,140.7,0.43,11.0,0.06,0.43,0
syn-road-0329,secondary,6.65,14.8,220.3,0.62,7.7,0.47,0.68,1
syn-road-0330,primary,3.29,8.4,224.6,0.53,14.4,0.17,0.61,1
syn-road-0331,local,10.04,33.4,107.8,0.5,11.3,0.72,0.4,0
syn-road-0332,local,5.01,16.5,222.6,0.37,16.4,0.22,0.56,1
syn-road-0333,local,0.54,1.0,233.3,0.79,3.5,0.44,0.96,1
syn-road-0334,primary,14.66,22.2,165.9,0.72,3.6,0.86,0.77,1
syn-road-0335,secondary,2.43,8.0,71.2,0.55,-0.6,0.3,0.69,1
syn-road-0336,local,7.71,25.9,239.9,0.57,10.3,0.45,0.86,1
syn-road-0337,secondary,11.4,25.9,84.6,0.47,8.2,0.79,0.55,0
syn-road-0338,secondary,11.77,25.1,111.0,0.6,-0.9,0.25,0.8,1
syn-road-0339,local,3.73,15.1,81.6,0.5,5.7,0.58,0.61,0
syn-road-0340,secondary,8.62,20.7,156.6,0.44,16.1,0.27,0.38,0
syn-road-0341,local,9.52,28.2,226.0,0.82,2.3,0.56,0.9,1
syn-road-0342,local,14.12,46.0,81.6,0.46,2.6,0.0,0.69,0
syn-road-0343,arterial,14.04,17.1,180.0,0.58,11.6,0.48,0.65,0
syn-road-0344,primary,2.61,6.1,178.2,0.44,8.9,0.01,0.72,0
syn-road-0345,primary,14.23,24.9,159.2,0.62,7.5,0.85,0.59,1
syn-road-0346,primary,10.14,19.3,159.0,0.5,13.8,0.36,0.56,0
syn-road-0347,primary,5.36,8.3,142.3,0.53,5.7,0.12,0.71,1
syn-road-0348,local,2.27,5.5,59.1,0.46,7.6,0.51,0.44,0
syn-road-0349,primary,5.29,11.8,102.0,0.54,0.5,0.51,0.71,0
syn-road-0350,primary,11.87,20.0,145.0,0.65,0.3,0.06,0.67,1
syn-road-0351,arterial,14.5,17.1,156.0,0.46,16.9,0.47,0.44,0
syn-road-0352,arterial,3.16,3.1,143.4,0.7,2.8,0.39,0.67,0
syn-road-0353,primary,3.24,6.7,189.3,0.33,15.7,0.18,0.48,0
syn-road-0354,local,13.5,43.9,85.3,0.32,13.9,0.57,0.28,1
syn-road-0355,local,11.86,36.0,69.3,0.52,2.0,0.07,0.49,1
syn-road-0356,secondary,13.78,31.1,75.4,0.12,19.1,0.17,0.2,0
syn-road-0357,arterial,0.74,1.6,88.7,0.2,19.7,0.4,0.21,0
syn-road-0358,primary,13.34,22.2,89.0,0.52,5.2,0.07,0.56,1
syn-road-0359,arterial,8.94,10.1,218.5,0.57,16.9,0.62,0.41,1
syn-road-0360,secondary,13.25,29.5,141.2,0.63,4.2,0.03,0.61,0
syn-road-0361,primary,5.34,8.3,139.7,0.56,2.6,0.05,0.75,1
syn-road-0362,primary,5.86,9.2,176.6,0.59,5.4,0.63,0.62,0
syn-road-0363,primary,6.46,14.1,166.6,0.56,17.0,0.81,0.34,0
syn-road-0364,secondary,6.19,13.2,130.0,0.62,4.2,0.4,0.61,0
syn-road-0365,primary,11.53,17.7,96.6,0.64,6.7,0.79,0.5,0
syn-road-0366,secondary,4.79,8.7,226.4,0.67,6.5,0.5,0.79,1
syn-road-0367,local,11.75,37.8,71.7,0.68,-0.3,0.84,0.54,1
syn-road-0368,secondary,13.14,26.7,57.4,0.4,8.0,0.22,0.4,1
syn-road-0369,local,8.92,28.4,146.9,0.55,9.2,0.38,0.52,1
syn-road-0370,primary,4.91,9.3,50.7,0.29,10.0,0.0,0.34,0
syn-road-0371,arterial,10.39,12.5,197.8,0.8,2.6,0.8,0.98,1
syn-road-0372,secondary,2.63,6.8,197.4,0.6,4.0,0.17,0.91,0
syn-road-0373,local,4.36,13.8,203.7,0.62,8.4,0.84,0.76,1
syn-road-0374,secondary,14.14,30.4,157.1,0.49,12.0,0.63,0.6,0
syn-road-0375,local,6.38,23.4,83.5,0.36,17.0,0.9,0.23,0
syn-road-0376,arterial,7.43,12.6,121.3,0.36,10.5,0.35,0.53,0
syn-road-0377,secondary,9.4,23.6,221.4,0.56,8.5,0.3,0.62,0
syn-road-0378,secondary,12.83,30.5,218.4,0.42,12.3,0.06,0.67,0
syn-road-0379,local,6.68,23.8,197.4,0.75,8.4,0.94,0.75,1
syn-road-0380,secondary,4.13,11.0,219.9,0.38,16.6,0.18,0.61,1
syn-road-0381,primary,4.74,10.2,119.8,0.39,15.9,0.91,0.38,0
syn-road-0382,secondary,14.62,31.0,67.6,0.59,0.7,0.53,0.68,0
syn-road-0383,primary,11.59,17.9,162.5,0.76,4.3,0.91,0.76,0
syn-road-0384,secondary,11.23,23.4,199.2,0.68,13.2,0.68,0.48,1
syn-road-0385,arterial,12.75,15.6,158.0,0.28,18.6,0.37,0.34,0
syn-road-0386,arterial,4.51,9.2,178.8,0.77,3.8,0.72,0.77,1
syn-road-0387,secondary,6.49,12.4,89.5,0.34,13.7,0.65,0.32,1
syn-road-0388,arterial,1.12,4.9,178.7,0.84,0.8,0.76,0.9,1
syn-road-0389,local,7.08,23.3,119.1,0.55,10.2,0.39,0.48,0
syn-road-0390,local,8.74,27.2,104.4,0.16,18.4,0.04,0.29,0
syn-road-0391,primary,4.19,6.3,96.5,0.43,14.8,0.82,0.33,0
syn-road-0392,local,12.74,36.6,217.1,0.56,17.8,0.73,0.52,1
syn-road-0393,primary,8.48,14.7,105.8,0.49,11.8,0.62,0.33,0
syn-road-0394,primary,14.35,22.6,77.1,0.26,18.0,0.6,0.2,0
syn-road-0395,local,14.35,47.0,61.4,0.23,18.2,0.59,0.18,1
syn-road-0396,local,5.35,18.4,186.2,0.94,0.1,0.89,0.94,1
syn-road-0397,local,6.78,24.2,152.9,0.7,3.9,0.38,0.69,1
syn-road-0398,arterial,0.51,1.0,88.8,0.56,7.6,0.66,0.44,1
syn-road-0399,local,3.47,10.4,215.3,0.42,16.2,0.03,0.5,0
syn-road-0400,secondary,14.99,35.0,240.5,0.49,17.6,0.65,0.56,0
syn-road-0401,secondary,12.9,27.0,131.5,0.52,13.7,0.73,0.39,0
syn-road-0402,arterial,6.24,7.5,125.1,0.4,14.5,0.43,0.34,0
syn-road-0403,secondary,9.23,17.5,245.9,0.68,16.7,0.82,0.68,1
syn-road-0404,secondary,5.24,13.7,213.0,0.4,17.1,0.3,0.44,1
syn-road-0405,arterial,1.17,1.5,219.4,0.79,7.3,0.96,0.64,1
syn-road-0406,arterial,8.35,14.7,195.4,0.55,7.5,0.13,0.6,1
syn-road-0407,arterial,2.41,1.0,212.0,0.51,16.6,0.12,0.44,0
syn-road-0408,arterial,4.03,6.0,105.2,0.32,18.6,0.66,0.28,0
syn-road-0409,arterial,1.62,4.2,103.5,0.64,3.1,0.53,0.74,1
syn-road-0410,arterial,7.71,10.5,213.0,0.67,14.2,0.63,0.65,1
syn-road-0411,secondary,7.54,16.3,109.1,0.47,10.9,0.45,0.38,1
syn-road-0412,primary,12.14,21.2,124.4,0.28,19.0,0.23,0.27,1
syn-road-0413,secondary,12.13,24.6,151.1,0.43,12.0,0.65,0.51,0
syn-road-0414,local,4.06,14.3,210.3,0.7,11.1,0.91,0.62,0
syn-road-0415,primary,14.13,25.1,224.2,0.76,0.4,0.58,0.75,0
syn-road-0416,local,4.78,15.1,242.1,0.72,11.4,0.9,0.65,0
syn-road-0417,secondary,1.89,6.3,196.8,0.46,13.0,0.42,0.62,1
syn-road-0418,secondary,3.67,6.6,135.1,0.57,14.8,0.8,0.34,0
syn-road-0419,secondary,10.22,22.5,77.8,0.32,14.4,0.88,0.35,1
syn-road-0420,arterial,3.21,4.9,77.0,0.1,18.3,0.19,0.18,0
syn-road-0421,secondary,7.88,18.2,64.4,0.53,10.2,0.99,0.39,0
syn-road-0422,primary,11.39,18.3,143.9,0.49,14.0,0.63,0.39,0
syn-road-0423,arterial,11.55,18.8,72.4,0.57,7.5,0.84,0.43,1
syn-road-0424,arterial,2.61,7.7,121.6,0.4,5.3,0.04,0.52,1
syn-road-0425,local,7.6,25.0,220.2,0.62,4.4,0.32,0.77,1
syn-road-0426,primary,3.34,6.0,227.5,0.72,4.5,0.16,0.84,1
syn-road-0427,local,8.64,28.7,106.6,0.44,2.6,0.03,0.74,1
syn-road-0428,primary,3.42,4.1,152.9,0.6,5.9,0.56,0.55,0
syn-road-0429,arterial,4.89,4.2,80.5,0.66,1.1,0.91,0.71,1
syn-road-0430,local,9.43,32.1,193.2,0.59,14.7,0.47,0.58,0
syn-road-0431,primary,7.84,14.2,140.1,0.67,3.7,0.77,0.66,0
syn-road-0432,primary,14.33,20.4,62.6,0.55,0.8,0.2,0.54,1
syn-road-0433,local,8.52,29.4,115.8,0.18,19.6,0.23,0.29,0
syn-road-0434,primary,5.59,12.7,133.1,0.25,18.6,0.41,0.36,1
syn-road-0435,primary,6.79,9.0,144.8,0.48,15.7,0.52,0.41,0
syn-road-0436,secondary,7.86,14.0,239.5,0.51,19.6,0.81,0.5,0
syn-road-0437,arterial,10.18,13.7,60.3,0.38,5.4,0.26,0.48,0
syn-road-0438,primary,12.12,17.6,93.8,0.37,19.4,0.97,0.19,0
syn-road-0439,local,13.67,39.6,221.3,0.46,17.2,0.73,0.51,0
syn-road-0440,primary,7.02,11.0,234.8,0.49,15.8,0.38,0.47,1
syn-road-0441,primary,5.46,6.7,115.4,0.35,13.1,0.37,0.36,0
syn-road-0442,local,9.72,33.4,168.9,0.55,15.2,0.88,0.37,1
syn-road-0443,arterial,6.74,10.8,85.4,0.38,17.9,0.87,0.19,0
syn-road-0444,secondary,13.89,28.9,125.4,0.45,18.8,0.72,0.26,1
syn-road-0445,secondary,11.13,25.3,231.2,0.41,17.9,0.01,0.42,0
syn-road-0446,secondary,4.08,6.8,158.8,0.47,17.3,0.63,0.43,0
syn-road-0447,secondary,13.32,26.7,117.7,0.37,8.8,0.35,0.54,0
syn-road-0448,local,8.55,28.5,242.6,0.7,4.0,0.08,0.71,1
syn-road-0449,arterial,7.91,10.4,101.0,0.53,1.2,0.41,0.69,0
syn-road-0450,secondary,12.63,23.8,227.6,0.97,2.8,0.93,0.74,1
syn-road-0451,secondary,7.16,17.9,81.2,0.62,8.8,0.95,0.47,0
syn-road-0452,primary,3.74,8.2,187.7,0.4,19.2,0.87,0.36,1
syn-road-0453,secondary,13.72,29.5,164.9,0.4,17.1,0.75,0.34,0
syn-road-0454,arterial,11.85,12.8,195.6,0.71,7.7,0.73,0.76,0
syn-road-0455,primary,3.71,8.8,73.1,0.5,6.3,0.83,0.47,0
syn-road-0456,local,8.22,24.4,62.1,0.56,-0.3,0.05,0.68,1
syn-road-0457,local,12.28,38.5,83.6,0.51,5.3,0.89,0.49,0
syn-road-0458,secondary,0.72,1.0,97.1,0.57,8.0,0.99,0.41,1
syn-road-0459,primary,10.69,19.1,190.9,0.73,8.7,0.89,0.6,1
syn-road-0460,local,10.41,31.1,86.1,0.22,15.3,0.27,0.32,1
syn-road-0461,local,14.81,48.7,193.3,0.56,13.5,0.48,0.48,1
syn-road-0462,local,10.04,28.9,88.7,0.32,17.8,0.68,0.27,0
syn-road-0463,primary,11.28,21.8,157.6,0.59,6.2,0.77,0.72,0
syn-road-0464,arterial,6.99,7.8,223.5,0.79,-0.3,0.27,1.0,1
syn-road-0465,arterial,14.0,21.3,82.6,0.3,16.0,0.88,0.25,1
syn-road-0466,secondary,7.93,17.8,91.1,0.31,16.4,0.58,0.31,1
syn-road-0467,arterial,2.62,4.4,238.0,0.83,4.7,0.5,0.9,1
syn-road-0468,secondary,12.46,24.8,165.0,0.49,12.8,0.73,0.54,1
syn-road-0469,arterial,8.66,15.3,150.5,0.78,0.6,0.85,0.71,1
syn-road-0470,primary,6.83,13.7,188.0,0.42,16.5,0.27,0.43,1
syn-road-0471,local,9.94,30.6,118.4,0.28,19.8,0.87,0.2,0
syn-road-0472,local,13.25,38.6,240.4,0.55,18.8,0.78,0.59,0
syn-road-0473,secondary,13.04,25.9,121.2,0.5,10.1,0.25,0.49,1
syn-road-0474,local,4.07,15.4,133.4,0.89,-0.7,0.96,0.89,1
syn-road-0475,arterial,5.78,8.2,155.1,0.62,7.3,0.35,0.63,0
syn-road-0476,primary,12.26,22.5,189.8,0.79,2.4,0.38,0.96,0
syn-road-0477,primary,12.08,20.8,161.8,0.67,2.2,0.44,0.85,0
syn-road-0478,arterial,14.23,16.0,205.5,0.64,14.3,0.88,0.66,0
syn-road-0479,arterial,5.75,6.6,125.6,0.54,9.1,0.35,0.42,0
syn-road-0480,secondary,4.25,7.1,73.0,0.48,7.2,0.47,0.54,0
syn-road-0481,secondary,10.98,21.8,61.4,0.65,3.9,0.97,0.59,1
syn-road-0482,arterial,11.58,15.5,190.7,0.57,12.2,0.3,0.65,1
syn-road-0483,local,10.5,36.4,224.8,0.62,4.4,0.27,0.98,1
syn-road-0484,local,4.11,13.6,191.4,0.55,8.8,0.34,0.68,0
syn-road-0485,local,14.72,47.2,222.4,0.59,14.2,0.74,0.5,0
syn-road-0486,local,3.94,12.4,231.7,0.62,4.0,0.21,0.79,1
syn-road-0487,local,10.43,35.2,125.3,0.58,1.7,0.08,0.81,1
syn-road-0488,primary,14.12,22.2,64.8,0.53,0.9,0.49,0.72,1
syn-road-0489,local,7.17,23.5,100.7,0.38,9.2,0.19,0.47,1
syn-road-0490,secondary,8.08,18.2,237.7,0.66,11.6,0.7,0.63,0
syn-road-0491,arterial,10.99,12.4,119.6,0.44,7.2,0.13,0.66,0
syn-road-0492,primary,3.53,6.5,180.4,0.58,6.5,0.61,0.73,0
syn-road-0493,local,9.28,32.3,158.8,0.7,3.0,0.32,0.75,1
syn-road-0494,primary,6.47,10.9,159.5,0.32,19.3,0.04,0.31,0
syn-road-0495,secondary,12.39,25.3,232.6,0.71,2.8,0.29,0.92,1
syn-road-0496,primary,1.3,5.1,215.7,0.93,-0.7,0.63,0.83,1
syn-road-0497,primary,9.83,19.1,146.3,0.66,9.5,0.85,0.62,1
syn-road-0498,secondary,7.38,18.6,197.4,0.87,-0.4,0.5,0.96,1
syn-road-0499,arterial,14.11,18.6,240.9,0.77,12.7,0.84,0.7,0
syn-road-0500,local,1.56,5.5,144.3,0.58,6.5,0.34,0.6,1
syn-road-0501,local,10.66,31.0,234.0,0.78,4.0,0.08,0.71,1
syn-road-0502,local,2.47,10.5,67.6,0.13,17.4,0.2,0.19,0
syn-road-0503,secondary,8.34,19.2,140.0,0.46,7.2,0.45,0.6,1
syn-road-0504,primary,1.12,1.0,67.4,0.15,19.2,0.18,0.18,0
syn-road-0505,local,2.09,7.4,204.1,0.41,17.9,0.57,0.44,0
syn-road-0506,secondary,6.86,14.9,232.4,0.48,15.9,0.17,0.46,1
syn-road-0507,secondary,11.62,23.7,177.1,0.69,3.9,0.12,0.74,0
syn-road-0508,primary,6.16,12.1,248.9,0.66,9.8,0.66,0.81,1
syn-road-0509,local,12.04,40.8,162.6,0.49,8.4,0.41,0.54,0
syn-road-0510,local,10.25,29.8,222.1,0.51,16.0,0.69,0.58,1
syn-road-0511,local,3.75,12.9,57.0,0.29,13.2,0.36,0.27,0
syn-road-0512,local,0.69,6.7,191.0,0.52,10.2,0.36,0.7,0
syn-road-0513,local,11.49,35.9,143.1,0.45,17.3,0.84,0.3,1
syn-road-0514,primary,14.08,19.6,164.8,0.45,9.7,0.12,0.65,0
syn-road-0515,primary,6.05,13.4,214.5,0.45,14.0,0.02,0.53,0
syn-road-0516,primary,7.35,15.7,145.8,0.34,18.8,0.73,0.31,0
syn-road-0517,primary,9.07,14.1,187.7,0.42,18.3,0.21,0.43,1
syn-road-0518,secondary,11.38,21.5,180.3,0.35,16.8,0.44,0.52,1
syn-road-0519,local,3.66,11.6,79.1,0.6,1.6,0.18,0.61,1
syn-road-0520,arterial,12.29,13.0,226.7,0.7,10.3,0.78,0.76,1
syn-road-0521,local,0.96,7.4,187.4,0.48,13.1,0.66,0.55,0
syn-road-0522,secondary,9.76,22.2,104.5,0.42,17.2,0.74,0.32,0
syn-road-0523,local,12.26,40.3,226.8,0.69,9.1,0.12,0.67,1
syn-road-0524,arterial,2.39,7.7,162.2,0.41,18.3,1.0,0.42,0
syn-road-0525,local,7.84,24.5,173.5,0.49,7.8,0.22,0.69,1
syn-road-0526,primary,5.4,11.2,171.0,0.67,3.3,0.35,0.82,1
syn-road-0527,local,9.33,32.5,246.8,0.73,6.9,0.87,0.7,1
syn-road-0528,local,6.73,20.5,145.4,0.69,0.3,0.59,0.75,0
syn-road-0529,local,11.17,36.9,135.0,0.49,7.3,0.37,0.47,1
syn-road-0530,secondary,10.81,19.6,228.3,0.43,20.0,0.82,0.47,0
syn-road-0531,arterial,2.37,1.0,205.0,0.65,16.5,0.96,0.59,1
syn-road-0532,secondary,10.54,19.5,58.2,0.33,3.7,0.02,0.45,1
syn-road-0533,secondary,6.46,16.1,242.3,0.43,17.1,0.42,0.48,0
syn-road-0534,secondary,10.8,22.6,87.8,0.61,5.6,0.62,0.54,1
syn-road-0535,primary,4.99,8.0,189.9,0.63,7.1,0.6,0.58,1
syn-road-0536,primary,12.67,19.8,128.1,0.63,9.4,0.91,0.45,1
syn-road-0537,primary,6.46,11.0,140.0,0.36,11.8,0.33,0.43,0
syn-road-0538,arterial,9.19,13.3,105.0,0.61,1.3,0.41,0.79,1
syn-road-0539,arterial,8.69,15.4,83.4,0.62,3.5,0.68,0.58,1
syn-road-0540,secondary,4.14,7.5,120.1,0.32,17.3,0.41,0.32,0
syn-road-0541,local,11.13,32.4,82.4,0.41,13.1,0.28,0.36,0
syn-road-0542,secondary,6.44,15.0,207.9,0.6,10.9,0.58,0.69,1
syn-road-0543,primary,11.82,18.5,243.7,0.66,8.7,0.28,0.92,1
syn-road-0544,local,7.1,25.2,56.5,0.46,12.4,0.9,0.32,1
syn-road-0545,arterial,6.57,11.9,158.1,0.51,13.2,0.72,0.56,0
syn-road-0546,primary,11.33,17.3,208.9,0.68,15.5,0.96,0.5,1
syn-road-0547,arterial,9.67,11.7,110.0,0.31,16.7,0.86,0.26,0
syn-road-0548,secondary,2.67,5.6,139.0,0.59,5.3,0.33,0.67,1
syn-road-0549,local,11.72,36.8,170.3,0.7,8.3,0.58,0.76,1
syn-road-0550,local,4.72,13.9,53.0,0.18,16.0,0.49,0.2,0
syn-road-0551,arterial,3.02,4.0,103.8,0.51,5.0,0.29,0.57,1
syn-road-0552,local,13.22,39.7,180.5,0.53,15.8,0.34,0.54,1
syn-road-0553,secondary,9.22,21.7,242.1,0.37,18.7,0.26,0.57,1
syn-road-0554,primary,1.6,3.8,227.9,0.64,15.4,0.5,0.66,0
syn-road-0555,local,12.38,40.8,201.5,0.54,12.6,0.13,0.63,1
syn-road-0556,primary,13.96,23.3,207.4,0.62,19.8,0.98,0.44,1
syn-road-0557,local,11.06,35.3,198.8,0.39,16.9,0.38,0.43,0
syn-road-0558,local,1.68,5.7,178.6,0.51,12.2,0.47,0.47,0
syn-road-0559,arterial,2.46,5.2,124.5,0.55,4.1,0.25,0.55,0
syn-road-0560,arterial,9.61,12.0,180.3,0.45,11.6,0.17,0.56,1
syn-road-0561,secondary,6.69,16.0,145.3,0.44,16.7,0.86,0.39,0
syn-road-0562,primary,3.43,3.2,234.0,0.69,7.7,0.42,0.77,1
syn-road-0563,primary,1.38,1.8,50.0,0.34,12.0,0.63,0.35,0
syn-road-0564,local,11.78,34.4,208.8,0.64,7.3,0.65,0.87,0
syn-road-0565,local,14.28,47.4,79.0,0.45,12.2,0.42,0.33,0
syn-road-0566,secondary,2.75,4.9,157.2,0.33,17.0,0.02,0.45,0
syn-road-0567,secondary,9.44,22.3,142.8,0.65,7.3,0.83,0.54,0
syn-road-0568,primary,13.78,20.9,133.9,0.42,11.4,0.49,0.45,0
syn-road-0569,local,14.77,46.3,207.4,0.57,15.9,0.51,0.44,0
syn-road-0570,arterial,6.63,11.0,108.2,0.35,9.6,0.09,0.44,1
syn-road-0571,arterial,9.77,14.3,52.6,0.77,-1.0,1.0,0.51,1
syn-road-0572,primary,0.59,4.0,224.1,0.57,9.5,0.44,0.68,0
syn-road-0573,arterial,8.84,11.3,64.4,0.36,10.7,0.49,0.33,1
syn-road-0574,arterial,6.13,6.6,193.3,0.75,3.3,0.6,0.85,1
syn-road-0575,local,13.73,46.0,137.2,0.67,0.5,0.24,0.77,0
syn-road-0576,arterial,8.44,11.0,205.0,0.81,4.1,0.6,0.65,1
syn-road-0577,arterial,5.04,9.6,50.4,0.51,-0.2,0.03,0.66,1
syn-road-0578,arterial,4.56,5.5,146.7,0.52,11.2,0.49,0.5,1
syn-road-0579,secondary,0.64,5.6,63.7,0.43,7.5,0.01,0.45,1
syn-road-0580,local,6.62,19.0,191.2,0.74,11.1,0.97,0.57,1
syn-road-0581,local,13.78,45.4,189.3,0.71,7.3,0.61,0.78,0
syn-road-0582,primary,14.28,24.9,162.5,0.47,17.3,0.51,0.33,0
syn-road-0583,secondary,10.32,20.5,176.5,0.52,16.3,0.61,0.52,0
syn-road-0584,local,3.52,11.3,143.1,0.55,14.5,0.93,0.42,0
syn-road-0585,primary,14.51,23.7,199.3,0.73,0.1,0.52,0.75,1
syn-road-0586,secondary,9.04,20.1,228.8,0.68,14.1,0.72,0.65,1
syn-road-0587,local,3.16,10.9,249.6,0.71,6.1,0.05,0.86,1
syn-road-0588,secondary,4.7,8.2,189.4,0.72,1.2,0.62,0.81,0
syn-road-0589,arterial,3.73,9.3,215.6,0.66,12.4,0.75,0.65,0
syn-road-0590,primary,0.57,2.1,222.1,0.82,1.6,0.7,0.84,1
syn-road-0591,arterial,5.01,4.2,231.8,0.87,0.7,0.41,0.98,1
syn-road-0592,local,5.94,22.5,230.2,0.51,17.0,0.86,0.58,0
syn-road-0593,secondary,12.73,30.3,79.5,0.56,7.2,0.54,0.49,0
syn-road-0594,arterial,12.72,19.9,126.6,0.66,10.5,0.95,0.58,0
syn-road-0595,arterial,14.18,22.0,216.8,0.85,1.9,0.77,0.93,0
syn-road-0596,local,5.87,19.4,184.6,0.8,3.3,0.96,0.8,1
syn-road-0597,secondary,1.75,7.6,165.1,0.45,10.5,0.12,0.65,0
syn-road-0598,secondary,13.48,31.6,128.1,0.61,-0.3,0.37,0.64,1
syn-road-0599,arterial,13.49,18.1,227.4,0.58,9.3,0.39,0.83,1
syn-road-0600,primary,2.61,8.6,135.5,0.57,5.0,0.43,0.56,0
syn-road-0601,local,3.7,13.1,248.2,0.6,13.2,0.35,0.7,1
syn-road-0602,local,14.99,48.3,63.3,0.56,4.0,0.58,0.49,1
syn-road-0603,primary,12.55,18.6,140.1,0.42,18.7,0.71,0.3,1
syn-road-0604,arterial,2.22,6.2,231.3,0.55,15.1,0.13,0.48,0
syn-road-0605,arterial,5.56,10.4,86.1,0.36,8.6,0.4,0.42,1
syn-road-0606,primary,0.73,1.0,58.8,0.11,17.7,0.08,0.2,0
syn-road-0607,secondary,2.9,10.3,101.2,0.41,13.3,0.4,0.36,0
syn-road-0608,arterial,7.81,11.5,95.2,0.37,9.2,0.31,0.48,0
syn-road-0609,arterial,1.34,5.0,165.1,0.46,11.5,0.66,0.59,0
syn-road-0610,secondary,4.21,7.2,52.9,0.44,5.9,0.72,0.39,1
syn-road-0611,primary,3.05,3.5,163.0,0.56,10.8,0.15,0.56,1
syn-road-0612,primary,2.35,3.2,140.0,0.53,7.8,0.34,0.59,1
syn-road-0613,local,1.66,9.8,194.2,0.77,4.6,0.49,0.78,1
syn-road-0614,secondary,4.68,12.7,83.6,0.17,15.5,0.12,0.3,0
syn-road-0615,secondary,1.17,1.0,187.2,0.66,4.0,0.42,0.92,1
syn-road-0616,arterial,14.18,16.3,60.0,0.33,19.7,0.92,0.1,0
syn-road-0617,secondary,5.02,8.8,131.2,0.49,5.6,0.44,0.66,0
syn-road-0618,secondary,10.87,23.6,80.4,0.65,0.7,0.63,0.7,0
syn-road-0619,secondary,7.78,19.7,110.1,0.43,8.9,0.39,0.59,0
syn-road-0620,primary,11.48,16.4,110.0,0.64,3.3,0.55,0.57,1
syn-road-0621,arterial,9.02,10.9,111.7,0.37,15.5,0.99,0.36,1
syn-road-0622,local,8.66,27.8,234.2,0.85,1.5,0.93,1.0,1
syn-road-0623,arterial,8.38,14.6,223.0,0.73,3.8,0.37,0.86,1
syn-road-0624,primary,6.1,14.1,148.0,0.58,6.2,0.53,0.72,1
syn-road-0625,local,13.38,40.1,191.5,0.55,9.9,0.43,0.57,1
syn-road-0626,local,14.87,45.0,60.7,0.32,9.9,0.2,0.3,0
syn-road-0627,arterial,14.64,21.1,166.3,0.31,19.2,0.54,0.4,0
syn-road-0628,secondary,4.14,10.4,52.8,0.47,-0.4,0.1,0.72,1
syn-road-0629,local,5.1,16.7,64.1,0.27,9.6,0.0,0.42,0
syn-road-0630,arterial,9.36,14.0,156.6,0.63,2.9,0.17,0.78,0
syn-road-0631,local,12.42,41.2,95.8,0.59,7.7,0.74,0.48,1
syn-road-0632,primary,5.85,13.5,75.3,0.5,4.7,0.51,0.49,0
syn-road-0633,local,8.67,25.0,228.4,0.52,8.5,0.11,0.77,0
syn-road-0634,secondary,11.37,22.4,69.1,0.46,0.3,0.01,0.72,1
syn-road-0635,secondary,4.85,11.7,216.1,0.4,13.5,0.11,0.61,0
syn-road-0636,primary,4.0,6.1,93.3,0.55,0.0,0.16,0.78,1
syn-road-0637,primary,5.6,9.9,154.5,0.64,8.0,0.96,0.54,0
syn-road-0638,arterial,0.77,1.0,206.7,0.53,13.3,0.67,0.61,0
syn-road-0639,arterial,4.01,3.0,228.0,0.69,8.2,0.29,0.78,0
syn-road-0640,arterial,7.33,13.4,236.5,0.47,17.0,0.09,0.58,1
syn-road-0641,local,4.17,15.6,68.9,0.47,11.5,0.95,0.38,0
syn-road-0642,local,11.05,32.7,121.4,0.5,12.4,0.96,0.49,1
syn-road-0643,local,6.57,23.4,160.0,0.59,13.7,0.59,0.5,0
syn-road-0644,primary,9.53,18.0,205.4,0.67,10.5,0.67,0.62,0
syn-road-0645,arterial,13.79,19.6,66.6,0.47,7.0,0.55,0.41,1
syn-road-0646,local,7.03,23.2,198.0,0.56,14.3,0.51,0.63,1
syn-road-0647,arterial,5.46,7.3,202.9,0.7,2.9,0.63,0.87,1
syn-road-0648,primary,9.8,17.7,140.6,0.46,15.2,0.83,0.4,0
syn-road-0649,local,14.33,42.9,222.9,0.62,8.6,0.55,0.86,1
syn-road-0650,local,12.28,41.6,200.0,0.79,-0.4,0.68,0.88,1
syn-road-0651,arterial,7.63,7.3,59.1,0.35,9.0,0.41,0.42,0
syn-road-0652,local,1.07,2.3,173.5,0.4,15.3,0.02,0.54,1
syn-road-0653,secondary,7.56,18.0,75.2,0.42,14.0,0.51,0.35,1
syn-road-0654,primary,1.72,1.8,219.0,0.67,-0.6,0.02,1.0,0
syn-road-0655,local,3.48,13.0,55.5,0.5,2.3,0.29,0.63,0
syn-road-0656,primary,8.25,14.9,165.9,0.71,6.6,0.83,0.79,1
syn-road-0657,primary,11.65,15.9,118.5,0.61,2.5,0.2,0.59,0
syn-road-0658,local,5.8,20.8,134.8,0.76,2.5,0.55,0.75,1
syn-road-0659,local,8.29,23.4,125.5,0.71,-0.1,0.27,0.67,0
syn-road-0660,local,4.98,13.8,93.4,0.29,15.2,0.07,0.26,0
syn-road-0661,secondary,12.44,26.2,157.3,0.61,6.1,0.35,0.77,1
syn-road-0662,primary,2.69,6.8,124.4,0.26,19.4,0.13,0.3,0
syn-road-0663,arterial,11.45,16.0,116.9,0.28,18.8,0.05,0.22,1
syn-road-0664,primary,5.59,9.9,153.0,0.54,16.8,0.79,0.35,0
syn-road-0665,arterial,5.89,7.3,233.6,0.74,13.2,0.7,0.56,1
syn-road-0666,arterial,5.06,4.9,79.5,0.47,1.4,0.12,0.65,0
syn-road-0667,local,9.53,32.1,115.9,0.57,9.0,0.5,0.47,0
syn-road-0668,arterial,9.28,9.4,105.3,0.48,7.4,0.12,0.56,0
syn-road-0669,secondary,6.36,14.5,145.8,0.42,17.5,0.45,0.3,1
syn-road-0670,local,2.77,12.9,224.6,0.66,17.3,0.89,0.45,0
syn-road-0671,arterial,12.89,19.4,141.3,0.35,19.8,0.95,0.26,1
syn-road-0672,secondary,12.32,23.0,112.0,0.61,9.9,0.97,0.47,1
syn-road-0673,primary,10.93,16.6,57.5,0.16,16.3,0.16,0.22,0
syn-road-0674,local,13.63,40.8,78.2,0.43,8.6,0.39,0.47,0
syn-road-0675,arterial,10.44,14.5,225.4,0.7,8.7,0.39,0.82,1
syn-road-0676,secondary,2.8,10.4,186.1,0.58,10.5,0.53,0.51,0
syn-road-0677,primary,3.98,6.6,214.6,0.66,11.8,0.41,0.69,1
syn-road-0678,secondary,12.5,28.0,203.7,0.71,0.4,0.08,0.85,1
syn-road-0679,primary,8.07,10.3,116.7,0.32,17.7,0.6,0.3,0
syn-road-0680,arterial,4.44,7.2,147.8,0.48,19.4,0.85,0.36,0
syn-road-0681,local,5.22,15.1,156.3,0.66,6.8,0.49,0.64,1
syn-road-0682,secondary,2.78,10.1,194.5,0.77,3.4,0.58,0.93,0
syn-road-0683,arterial,2.68,1.7,122.5,0.28,15.5,0.38,0.31,1
syn-road-0684,primary,1.75,1.0,171.3,0.42,13.1,0.09,0.5,0
syn-road-0685,arterial,6.27,7.0,135.8,0.86,-0.9,0.97,0.81,1
syn-road-0686,secondary,7.26,16.1,152.2,0.64,-0.7,0.14,0.86,1
syn-road-0687,local,12.02,37.7,180.9,0.52,6.8,0.25,0.76,0
syn-road-0688,arterial,14.85,22.4,50.7,0.37,4.6,0.02,0.4,1
syn-road-0689,arterial,10.97,14.7,189.8,0.44,19.4,0.45,0.44,0
syn-road-0690,arterial,9.57,13.4,130.7,0.8,1.9,0.98,0.83,1
syn-road-0691,secondary,0.63,5.8,244.8,0.67,5.5,0.48,1.0,0
syn-road-0692,arterial,10.82,11.6,80.7,0.13,17.0,0.11,0.24,0
syn-road-0693,primary,11.27,19.2,170.1,0.44,19.8,0.95,0.38,1
syn-road-0694,arterial,11.34,13.7,236.2,0.58,9.7,0.51,0.75,0
syn-road-0695,local,4.91,15.7,142.8,0.48,6.4,0.34,0.53,0
syn-road-0696,arterial,12.64,17.6,213.5,0.58,11.8,0.33,0.56,1
syn-road-0697,secondary,4.61,13.2,244.7,0.85,0.7,0.61,0.8,1
syn-road-0698,primary,14.96,22.6,52.2,0.46,5.3,0.54,0.53,0
syn-road-0699,secondary,11.62,25.5,137.4,0.47,3.7,0.02,0.78,0
syn-road-0700,local,3.9,10.0,185.5,0.53,5.5,0.04,0.68,1
syn-road-0701,secondary,7.2,18.0,165.2,0.61,8.0,0.41,0.61,0
syn-road-0702,arterial,5.86,7.4,210.3,0.53,17.0,0.22,0.49,0
syn-road-0703,local,3.11,8.8,52.2,0.18,19.5,0.86,0.12,0
syn-road-0704,local,1.74,9.2,131.8,0.56,1.9,0.14,0.77,1
syn-road-0705,local,9.87,28.3,123.5,0.49,8.3,0.25,0.5,1
syn-road-0706,arterial,12.24,18.1,72.4,0.36,5.1,0.03,0.46,0
syn-road-0707,arterial,4.83,6.9,134.9,0.64,6.8,0.38,0.58,0
syn-road-0708,local,12.38,40.4,138.3,0.58,7.6,0.22,0.67,0
syn-road-0709,secondary,1.01,2.7,81.5,0.37,18.0,0.72,0.2,1
syn-road-0710,secondary,10.64,25.7,95.3,0.45,11.4,0.97,0.44,1
syn-road-0711,primary,8.27,16.0,161.6,0.63,5.6,0.42,0.75,0
syn-road-0712,local,3.06,7.3,107.6,0.45,16.5,0.93,0.27,1
syn-road-0713,arterial,4.53,10.3,65.7,0.57,9.2,0.96,0.38,0
syn-road-0714,secondary,10.53,20.6,106.3,0.45,10.6,0.9,0.49,0
syn-road-0715,arterial,1.35,2.9,106.5,0.33,14.4,0.41,0.33,0
syn-road-0716,local,3.47,11.3,111.3,0.55,6.6,0.44,0.47,0
syn-road-0717,secondary,5.11,10.7,195.2,0.33,16.3,0.13,0.47,0
syn-road-0718,secondary,8.08,15.2,175.6,0.6,9.1,0.26,0.69,1
syn-road-0719,secondary,0.9,2.1,61.4,0.15,16.8,0.05,0.22,0
syn-road-0720,local,14.46,44.7,246.6,0.6,9.4,0.14,0.63,0
syn-road-0721,local,6.29,18.3,245.2,0.79,6.6,0.32,0.72,1
syn-road-0722,local,11.8,37.1,54.1,0.22,18.1,0.0,0.16,0
syn-road-0723,arterial,0.74,5.0,197.1,0.66,11.2,0.61,0.51,1
syn-road-0724,secondary,9.23,22.3,181.9,0.68,6.5,0.35,0.6,0
syn-road-0725,secondary,2.38,6.5,196.6,0.71,2.0,0.09,0.7,1
syn-road-0726,arterial,9.3,13.0,192.5,0.63,12.0,0.99,0.59,0
syn-road-0727,secondary,8.05,15.9,88.6,0.34,9.9,0.23,0.4,1
syn-road-0728,local,11.5,38.7,88.9,0.45,12.1,0.29,0.38,0
syn-road-0729,arterial,3.26,6.2,68.6,0.5,6.6,0.81,0.47,0
syn-road-0730,local,5.32,14.4,125.3,0.33,17.5,0.27,0.26,0
syn-road-0731,secondary,7.03,15.1,201.3,0.42,17.6,0.52,0.44,1
syn-road-0732,secondary,2.27,6.9,220.6,0.54,8.1,0.24,0.69,0
syn-road-0733,arterial,1.84,5.9,184.6,0.65,8.4,0.91,0.53,1
syn-road-0734,arterial,9.0,9.8,139.3,0.42,7.5,0.07,0.68,1
syn-road-0735,primary,12.59,19.2,221.8,0.35,18.7,0.06,0.39,0
syn-road-0736,primary,3.68,8.5,120.7,0.41,9.9,0.3,0.52,0
syn-road-0737,arterial,13.16,19.7,109.9,0.52,10.5,0.61,0.4,1
syn-road-0738,local,2.44,11.4,209.0,0.97,0.3,0.94,0.86,1
syn-road-0739,secondary,11.02,21.7,182.7,0.31,18.8,0.46,0.41,1
syn-road-0740,primary,9.07,11.8,121.9,0.36,19.5,0.79,0.29,0
syn-road-0741,local,1.78,8.5,234.7,0.8,3.6,0.42,1.0,1
syn-road-0742,secondary,7.75,14.3,119.2,0.71,3.2,0.81,0.76,0
syn-road-0743,local,12.6,36.9,130.8,0.65,4.7,0.73,0.57,1
syn-road-0744,secondary,2.83,8.7,113.2,0.64,10.3,0.98,0.53,1
syn-road-0745,secondary,9.5,20.9,76.2,0.22,12.7,0.09,0.35,0
syn-road-0746,arterial,5.34,5.3,178.3,0.5,14.7,0.94,0.58,0
syn-road-0747,local,3.93,13.8,125.1,0.62,-0.2,0.12,0.77,0
syn-road-0748,arterial,4.85,8.9,249.6,0.97,0.3,0.57,0.84,1
syn-road-0749,local,10.4,33.0,139.9,0.41,7.7,0.01,0.7,0
syn-road-0750,arterial,8.73,9.8,132.9,0.35,17.5,0.62,0.33,0
syn-road-0751,arterial,12.12,12.7,226.3,0.86,7.9,0.97,0.7,0
syn-road-0752,secondary,4.5,7.9,135.6,0.45,17.0,0.46,0.37,0
syn-road-0753,arterial,6.45,6.7,240.9,0.46,19.2,0.15,0.46,1
syn-road-0754,secondary,7.61,17.6,234.6,0.82,10.0,0.85,0.83,1
syn-road-0755,primary,9.81,14.5,176.5,0.58,5.2,0.07,0.67,0
syn-road-0756,arterial,0.95,1.0,107.3,0.27,15.3,0.39,0.34,0
syn-road-0757,primary,13.71,24.6,191.5,0.39,18.0,0.58,0.4,1
syn-road-0758,primary,11.29,17.9,107.5,0.34,15.7,0.13,0.26,0
syn-road-0759,arterial,1.05,2.8,166.7,0.6,12.9,0.51,0.61,1
syn-road-0760,secondary,7.5,18.6,165.1,0.69,2.8,0.71,0.75,1
syn-road-0761,local,6.7,24.2,214.6,0.54,8.5,0.27,0.75,0
syn-road-0762,arterial,1.32,4.2,195.6,0.45,15.9,0.46,0.41,1
syn-road-0763,secondary,9.31,18.9,75.0,0.22,17.3,0.35,0.2,0
syn-road-0764,primary,14.25,20.2,50.9,0.51,2.8,0.09,0.44,0
syn-road-0765,secondary,4.81,10.0,195.3,0.58,11.0,0.89,0.58,1
syn-road-0766,arterial,4.42,7.7,117.7,0.73,2.3,0.76,0.67,1
syn-road-0767,arterial,11.24,13.3,232.3,0.43,16.1,0.38,0.62,1
syn-road-0768,local,1.09,2.4,228.5,0.75,-0.7,0.24,0.88,1
syn-road-0769,primary,14.31,20.7,116.4,0.62,1.2,0.13,0.56,1
syn-road-0770,primary,2.79,5.7,134.0,0.63,5.6,0.7,0.6,1
syn-road-0771,local,7.43,22.5,178.7,0.8,4.9,0.83,0.64,0
syn-road-0772,primary,5.06,9.4,194.0,0.65,3.8,0.07,0.67,1
syn-road-0773,arterial,12.6,13.9,63.1,0.54,1.1,0.55,0.7,1
syn-road-0774,secondary,13.95,32.3,166.2,0.62,8.5,0.67,0.65,1
syn-road-0775,secondary,13.17,24.8,182.6,0.71,-0.1,0.34,0.7,0
syn-road-0776,local,11.95,37.5,144.1,0.71,8.4,0.84,0.55,0
syn-road-0777,arterial,2.81,6.2,244.2,0.43,18.8,0.55,0.6,0
syn-road-0778,secondary,0.5,3.3,60.5,0.53,3.8,0.81,0.58,0
syn-road-0779,secondary,12.4,27.5,187.4,0.65,6.5,0.35,0.65,1
syn-road-0780,primary,10.14,18.9,175.7,0.79,-0.7,0.76,0.82,1
syn-road-0781,secondary,6.61,12.6,98.0,0.47,12.1,0.44,0.46,0
syn-road-0782,arterial,3.81,3.1,194.0,0.75,5.4,0.47,0.77,1
syn-road-0783,arterial,4.43,6.4,209.5,0.48,14.6,0.24,0.5,1
syn-road-0784,secondary,9.01,21.3,106.4,0.39,13.3,0.44,0.31,0
syn-road-0785,arterial,11.05,18.0,75.4,0.65,1.0,0.98,0.7,0
syn-road-0786,secondary,13.57,32.0,119.9,0.28,16.0,0.37,0.36,0
syn-road-0787,arterial,14.82,19.8,52.8,0.45,9.4,0.93,0.32,0
syn-road-0788,local,14.87,44.1,72.5,0.41,11.4,0.63,0.39,0
syn-road-0789,secondary,8.43,17.6,141.5,0.75,0.3,0.48,0.9,1
syn-road-0790,local,4.2,15.1,233.7,0.79,10.3,0.89,0.74,1
syn-road-0791,primary,12.63,22.6,227.8,0.58,11.8,0.33,0.72,0
syn-road-0792,secondary,11.57,21.5,234.1,0.86,1.4,0.6,0.98,1
syn-road-0793,local,12.65,39.2,207.1,0.73,9.7,0.85,0.58,1
syn-road-0794,arterial,6.44,9.0,216.9,0.87,3.3,0.98,0.83,1
syn-road-0795,secondary,9.68,17.7,217.6,0.51,10.0,0.33,0.71,0
syn-road-0796,primary,10.63,16.1,127.0,0.16,18.6,0.03,0.29,0
syn-road-0797,local,10.03,29.5,82.5,0.48,13.6,0.98,0.32,0
syn-road-0798,primary,2.34,2.8,74.1,0.43,15.1,0.71,0.26,0
syn-road-0799,secondary,14.33,29.0,202.0,0.27,19.3,0.14,0.4,0
syn-road-0800,local,12.21,35.2,136.7,0.4,10.4,0.19,0.52,0
syn-road-0801,primary,4.26,10.7,53.0,0.16,14.6,0.08,0.23,0
syn-road-0802,secondary,8.11,14.6,117.8,0.28,14.0,0.33,0.34,1
syn-road-0803,secondary,9.49,21.7,73.9,0.19,15.5,0.04,0.27,0
syn-road-0804,secondary,5.91,10.8,121.0,0.39,14.2,0.49,0.46,0
syn-road-0805,primary,2.96,4.6,121.8,0.44,2.3,0.03,0.8,1
syn-road-0806,secondary,13.42,31.7,169.6,0.41,16.6,0.75,0.47,1
syn-road-0807,primary,4.46,6.2,204.4,0.58,17.7,0.81,0.54,0
syn-road-0808,local,11.84,38.9,145.6,0.34,16.8,0.55,0.3,1
syn-road-0809,local,11.36,35.5,158.2,0.43,19.1,0.69,0.35,1
syn-road-0810,local,10.53,36.3,222.6,0.67,7.2,0.22,0.8,1
syn-road-0811,local,10.15,28.5,209.5,0.49,18.9,0.94,0.37,1
syn-road-0812,primary,1.15,3.4,68.2,0.4,16.7,0.88,0.22,0
syn-road-0813,primary,6.83,9.7,184.9,0.61,14.1,0.64,0.52,0
syn-road-0814,primary,0.98,5.3,237.6,0.54,8.2,0.03,0.74,1
syn-road-0815,arterial,8.54,13.5,145.5,0.36,19.6,0.29,0.26,1
syn-road-0816,primary,13.95,25.1,69.6,0.24,19.9,0.31,0.15,0
syn-road-0817,local,13.41,40.2,116.1,0.3,16.6,0.67,0.26,1
syn-road-0818,local,14.28,47.0,104.5,0.44,11.9,0.71,0.38,1
syn-road-0819,local,9.12,26.5,153.0,0.4,14.3,0.53,0.42,1
syn-road-0820,primary,7.46,11.0,104.1,0.4,7.6,0.26,0.59,0
syn-road-0821,primary,14.89,26.6,56.6,0.39,4.9,0.46,0.5,0
syn-road-0822,secondary,9.44,18.3,247.7,0.56,16.7,0.48,0.69,1
syn-road-0823,secondary,8.12,19.4,209.3,0.7,2.5,0.0,0.7,1
syn-road-0824,secondary,0.69,3.0,214.0,0.54,14.4,0.33,0.66,1
syn-road-0825,arterial,12.18,15.0,143.6,0.36,16.0,0.63,0.46,1
syn-road-0826,local,8.1,24.9,145.2,0.61,8.3,0.48,0.69,0
syn-road-0827,secondary,4.7,9.1,63.9,0.57,0.2,0.71,0.65,0
syn-road-0828,secondary,10.25,19.7,239.2,0.55,19.8,0.69,0.44,1
syn-road-0829,local,2.44,6.0,171.0,0.76,1.9,0.3,0.83,1
syn-road-0830,local,14.83,49.2,228.6,0.72,4.9,0.5,0.89,1
syn-road-0831,secondary,3.27,10.9,230.6,0.53,19.2,0.66,0.52,1
syn-road-0832,local,8.67,26.7,183.5,0.51,11.9,0.55,0.56,1
syn-road-0833,arterial,2.31,7.1,85.1,0.48,0.4,0.08,0.69,1
syn-road-0834,primary,2.66,6.5,176.1,0.52,19.6,0.7,0.38,0
syn-road-0835,secondary,3.84,10.9,107.5,0.68,4.6,0.85,0.53,1
syn-road-0836,secondary,9.82,22.1,196.1,0.45,16.7,0.53,0.46,1
syn-road-0837,primary,3.41,3.1,127.8,0.35,15.9,0.57,0.42,0
syn-road-0838,primary,1.1,5.8,175.7,0.54,9.3,0.34,0.54,1
syn-road-0839,arterial,5.34,6.1,128.4,0.58,13.5,0.99,0.49,0
syn-road-0840,secondary,8.03,14.7,77.9,0.26,8.5,0.06,0.5,0
syn-road-0841,primary,7.28,12.7,51.5,0.15,18.4,0.32,0.17,0
syn-road-0842,primary,1.36,4.2,228.5,0.49,15.7,0.44,0.64,0
syn-road-0843,local,9.14,25.5,168.8,0.57,0.9,0.14,0.78,1
syn-road-0844,local,2.47,8.8,74.1,0.62,-0.6,0.5,0.62,1
syn-road-0845,local,5.71,15.7,168.3,0.53,11.9,0.46,0.58,0
syn-road-0846,secondary,12.57,28.9,249.1,0.72,8.1,0.1,0.91,1
syn-road-0847,secondary,13.1,30.3,101.1,0.24,18.5,0.65,0.23,0
syn-road-0848,local,4.67,18.1,161.5,0.42,19.4,0.96,0.32,0
syn-road-0849,local,11.88,36.5,95.7,0.25,16.2,0.29,0.28,0
syn-road-0850,secondary,14.52,30.4,108.6,0.3,13.8,0.38,0.41,1
syn-road-0851,secondary,14.78,31.1,74.7,0.46,11.0,1.0,0.35,0
syn-road-0852,local,4.25,17.5,81.9,0.24,19.0,0.2,0.18,0
syn-road-0853,secondary,12.29,24.3,133.2,0.23,18.9,0.37,0.29,0
syn-road-0854,arterial,4.41,3.5,168.3,0.67,11.3,0.79,0.64,1
syn-road-0855,arterial,5.92,9.2,148.3,0.47,13.3,0.39,0.5,1
syn-road-0856,local,3.39,10.1,161.6,0.4,16.6,0.3,0.43,1
syn-road-0857,arterial,5.99,10.4,106.6,0.34,7.4,0.04,0.51,1
syn-road-0858,local,12.91,41.8,140.0,0.56,11.3,0.46,0.5,1
syn-road-0859,primary,13.64,19.0,223.3,0.65,11.2,0.98,0.58,1
syn-road-0860,primary,11.79,17.2,220.5,0.59,12.5,0.46,0.56,1
syn-road-0861,arterial,12.27,18.8,218.3,0.82,3.3,0.59,0.88,1
syn-road-0862,arterial,10.57,16.9,91.6,0.25,17.9,0.7,0.24,0
syn-road-0863,primary,8.14,10.8,120.4,0.36,15.0,0.8,0.3,0
syn-road-0864,local,13.01,44.0,147.8,0.24,19.8,0.09,0.26,1
syn-road-0865,secondary,9.31,19.4,231.8,0.72,0.4,0.03,0.82,1
syn-road-0866,arterial,3.26,7.4,210.0,0.52,18.4,0.51,0.44,1
syn-road-0867,local,11.66,35.8,84.2,0.58,1.2,0.06,0.55,1
syn-road-0868,secondary,9.74,22.9,160.5,0.43,9.2,0.03,0.52,1
syn-road-0869,secondary,2.36,9.6,171.6,0.69,3.1,0.76,0.9,1
syn-road-0870,primary,7.6,11.2,168.4,0.4,18.2,0.62,0.45,0
syn-road-0871,local,12.9,41.3,107.0,0.5,4.6,0.5,0.7,1
syn-road-0872,secondary,5.41,10.2,77.0,0.29,11.1,0.31,0.39,0
syn-road-0873,arterial,4.0,8.4,51.9,0.4,12.9,0.75,0.3,0
syn-road-0874,local,8.27,28.4,237.1,0.44,19.9,0.35,0.45,0
syn-road-0875,arterial,2.84,7.0,168.4,0.54,8.1,0.03,0.72,0
syn-road-0876,local,3.0,7.4,143.6,0.59,12.3,0.88,0.43,0
syn-road-0877,arterial,10.15,11.6,241.9,0.64,14.0,0.97,0.72,0
syn-road-0878,local,7.01,23.4,182.3,0.81,1.3,0.57,0.96,0
syn-road-0879,arterial,5.87,9.9,57.5,0.6,3.6,0.48,0.42,1
syn-road-0880,secondary,5.9,16.4,163.9,0.29,17.6,0.17,0.45,0
syn-road-0881,local,3.3,10.9,232.0,0.44,18.9,0.2,0.54,1
syn-road-0882,primary,10.77,18.4,105.5,0.65,7.6,0.83,0.6,0
syn-road-0883,local,4.96,14.6,133.0,0.64,-0.4,0.48,0.74,0
syn-road-0884,local,12.19,36.1,189.6,0.35,17.5,0.04,0.38,0
syn-road-0885,secondary,14.31,27.8,107.9,0.46,5.8,0.47,0.47,0
syn-road-0886,secondary,10.15,20.6,237.8,0.92,2.0,0.7,1.0,1
syn-road-0887,primary,1.47,3.5,141.3,0.68,3.9,0.35,0.81,1
syn-road-0888,primary,11.47,17.6,221.6,0.55,17.0,0.39,0.46,1
syn-road-0889,local,13.36,44.9,141.2,0.75,-0.3,0.27,0.81,0
syn-road-0890,local,7.5,25.5,174.7,0.65,2.8,0.33,0.66,1
syn-road-0891,arterial,13.02,17.1,192.8,0.71,10.5,0.72,0.53,1
syn-road-0892,arterial,5.83,9.5,148.3,0.68,3.9,0.22,0.67,1
syn-road-0893,primary,4.43,7.3,145.5,0.57,10.9,0.79,0.51,0
syn-road-0894,arterial,1.93,7.1,156.4,0.68,1.6,0.18,0.64,1
syn-road-0895,secondary,8.89,19.0,116.0,0.31,13.3,0.26,0.46,0
syn-road-0896,local,12.58,41.6,128.0,0.6,6.6,0.58,0.58,1
syn-road-0897,local,9.75,33.9,228.9,0.69,9.4,0.94,0.61,1
syn-road-0898,arterial,1.14,5.5,144.4,0.7,-0.6,0.63,0.77,0
syn-road-0899,local,1.96,4.3,53.4,0.16,19.1,0.5,0.15,0
syn-road-0900,primary,2.05,1.4,119.1,0.34,17.3,0.67,0.28,1
syn-road-0901,secondary,10.89,24.9,56.7,0.43,14.6,0.98,0.29,0
syn-road-0902,primary,8.59,13.1,129.3,0.7,2.6,0.9,0.6,0
syn-road-0903,primary,13.96,23.6,108.3,0.18,18.4,0.04,0.21,0
syn-road-0904,local,8.44,26.1,166.3,0.51,9.9,0.57,0.63,1
syn-road-0905,primary,7.76,13.5,162.0,0.8,0.5,1.0,0.77,1
syn-road-0906,local,5.47,20.3,63.8,0.27,19.6,0.62,0.13,0
syn-road-0907,local,13.11,38.6,171.8,0.69,-0.2,0.01,0.98,1
syn-road-0908,primary,4.3,6.0,80.9,0.3,17.5,0.15,0.23,0
syn-road-0909,arterial,13.33,14.5,199.9,0.9,4.0,0.94,0.76,1
syn-road-0910,secondary,3.83,9.9,212.5,0.71,13.3,0.89,0.61,1
syn-road-0911,primary,6.67,12.9,186.2,0.78,5.9,0.6,0.63,1
syn-road-0912,local,8.13,23.7,233.6,0.76,3.0,0.73,0.84,1
syn-road-0913,arterial,3.01,6.6,109.2,0.49,6.1,0.71,0.55,0
syn-road-0914,arterial,14.13,15.3,72.0,0.47,8.7,0.59,0.44,0
syn-road-0915,primary,7.38,10.6,52.8,0.52,6.3,0.87,0.53,0
syn-road-0916,arterial,7.58,9.8,194.7,0.3,18.9,0.03,0.47,1
syn-road-0917,secondary,10.71,24.0,247.6,0.88,2.9,0.76,0.76,1
syn-road-0918,local,10.78,32.5,53.7,0.57,5.3,0.97,0.44,1
syn-road-0919,arterial,8.1,12.9,238.7,0.61,10.5,0.25,0.75,1
syn-road-0920,local,1.12,8.2,112.1,0.61,2.8,0.65,0.53,1
syn-road-0921,secondary,11.75,23.9,103.8,0.53,13.7,0.8,0.39,1
syn-road-0922,arterial,5.83,11.5,154.3,0.37,15.7,0.53,0.36,0
syn-road-0923,primary,7.52,14.9,66.5,0.6,4.2,0.94,0.58,0
syn-road-0924,arterial,7.29,11.5,215.8,0.65,9.4,0.15,0.78,1
syn-road-0925,secondary,3.66,10.1,150.8,0.51,12.1,0.89,0.42,0
syn-road-0926,arterial,1.6,1.0,97.4,0.58,0.8,0.3,0.63,1
syn-road-0927,local,0.56,2.6,179.9,0.72,6.9,0.89,0.69,1
syn-road-0928,local,7.32,22.6,235.2,0.69,10.3,0.39,0.83,1
syn-road-0929,primary,4.89,6.8,215.1,0.8,9.6,0.97,0.78,0
syn-road-0930,local,5.23,17.4,176.4,0.64,7.0,0.41,0.79,1
syn-road-0931,primary,12.13,17.6,242.1,0.64,18.0,0.77,0.43,0
syn-road-0932,primary,14.09,22.4,85.1,0.53,10.5,0.65,0.36,1
syn-road-0933,arterial,14.32,19.9,216.6,0.79,2.6,0.41,0.77,0
syn-road-0934,secondary,10.83,21.9,234.0,0.74,11.2,0.97,0.62,1
syn-road-0935,arterial,13.68,19.9,155.0,0.8,1.8,0.89,0.89,0
syn-road-0936,arterial,12.89,15.3,106.7,0.68,0.4,0.93,0.62,1
syn-road-0937,local,11.44,37.8,237.4,0.66,11.5,0.93,0.57,1
syn-road-0938,arterial,8.42,12.2,241.8,0.76,5.5,0.19,0.76,1
syn-road-0939,primary,1.3,3.1,175.0,0.56,5.8,0.46,0.69,0
syn-road-0940,local,8.6,25.7,231.4,0.67,2.8,0.31,0.81,0
syn-road-0941,local,10.95,34.9,68.5,0.38,17.7,0.69,0.19,0
syn-road-0942,arterial,0.91,1.0,57.8,0.34,10.1,0.03,0.41,0
syn-road-0943,local,2.28,11.6,143.3,0.71,0.0,0.5,0.87,1
syn-road-0944,primary,2.93,7.7,210.5,0.67,4.4,0.25,0.72,1
syn-road-0945,local,8.72,27.1,60.8,0.64,2.2,0.93,0.46,1
syn-road-0946,arterial,3.15,8.4,193.6,0.6,14.6,0.78,0.46,1
syn-road-0947,secondary,2.92,7.8,54.6,0.29,16.0,0.99,0.21,0
syn-road-0948,local,2.99,7.9,61.5,0.3,15.0,0.05,0.24,0
syn-road-0949,local,13.99,42.2,202.8,0.62,2.5,0.21,0.72,1
syn-road-0950,local,7.38,21.7,239.5,0.8,-0.3,0.15,0.98,1
syn-road-0951,local,5.13,13.7,241.1,0.53,12.4,0.35,0.57,0
syn-road-0952,primary,8.16,16.6,174.2,0.66,10.4,0.79,0.61,1
syn-road-0953,primary,8.6,11.9,203.4,0.74,-0.1,0.42,0.93,0
syn-road-0954,primary,14.57,25.0,245.2,0.91,2.6,0.97,0.92,1
syn-road-0955,local,4.76,14.6,127.1,0.55,11.3,0.91,0.4,1
syn-road-0956,primary,2.59,2.6,110.0,0.32,14.9,0.52,0.38,0
syn-road-0957,secondary,14.73,28.0,175.6,0.45,15.2,0.86,0.47,0
syn-road-0958,primary,8.76,15.4,197.1,0.56,12.3,0.34,0.56,0
syn-road-0959,primary,12.97,20.8,184.7,0.71,4.4,0.9,0.67,1
syn-road-0960,local,10.12,28.4,198.5,0.53,9.1,0.33,0.63,1
syn-road-0961,arterial,10.45,11.0,241.0,0.84,2.1,0.83,0.79,0
syn-road-0962,arterial,13.6,20.8,180.1,0.62,8.3,0.7,0.65,0
syn-road-0963,secondary,2.2,5.6,167.5,0.75,-0.4,0.78,0.83,1
syn-road-0964,secondary,5.62,11.8,76.8,0.39,15.1,0.94,0.29,0
syn-road-0965,arterial,10.49,14.5,213.9,0.62,4.8,0.18,0.67,0
syn-road-0966,local,6.1,22.5,62.2,0.18,17.0,0.08,0.2,0
syn-road-0967,primary,0.59,3.0,163.9,0.67,5.3,0.16,0.77,0
syn-road-0968,secondary,3.63,9.6,168.3,0.68,11.0,0.87,0.56,1
syn-road-0969,arterial,10.31,11.8,189.9,0.45,13.4,0.32,0.53,1
syn-road-0970,secondary,13.68,31.8,230.6,0.74,6.8,0.18,0.73,0
syn-road-0971,arterial,9.58,10.5,78.1,0.43,7.3,0.61,0.53,1
syn-road-0972,primary,13.2,20.0,245.4,0.85,0.4,0.89,0.87,1
syn-road-0973,secondary,6.65,16.6,209.4,0.8,0.8,0.94,0.85,0
syn-road-0974,secondary,2.52,7.3,84.8,0.31,13.8,0.35,0.37,0
syn-road-0975,local,2.15,7.6,249.7,0.47,19.4,0.01,0.48,0
syn-road-0976,secondary,4.12,6.4,103.7,0.49,4.8,0.13,0.6,0
syn-road-0977,secondary,7.07,17.9,99.6,0.44,2.1,0.19,0.54,0
syn-road-0978,secondary,4.57,7.4,168.7,0.68,6.9,0.69,0.78,1
syn-road-0979,secondary,13.34,30.1,145.9,0.32,11.1,0.02,0.5,1
syn-road-0980,arterial,5.8,10.3,161.6,0.44,12.9,0.46,0.53,0
syn-road-0981,local,10.72,31.7,116.8,0.72,-0.8,0.69,0.63,1
syn-road-0982,arterial,8.26,12.1,249.4,0.77,4.7,0.02,0.86,1
syn-road-0983,local,13.76,39.7,169.4,0.63,3.3,0.08,0.76,0
syn-road-0984,arterial,0.85,1.0,197.8,0.9,-0.1,0.61,0.83,1
syn-road-0985,secondary,13.42,29.2,152.4,0.5,3.0,0.04,0.8,0
syn-road-0986,arterial,7.92,7.8,174.7,0.58,9.3,0.47,0.52,0
syn-road-0987,local,4.52,12.4,54.1,0.31,14.0,0.71,0.27,0
syn-road-0988,primary,12.46,16.7,221.0,0.44,16.7,0.25,0.5,1
syn-road-0989,local,13.38,42.2,151.8,0.58,7.5,0.41,0.69,0
syn-road-0990,local,8.0,22.1,228.7,0.7,13.1,0.88,0.63,1
syn-road-0991,arterial,7.24,9.6,83.7,0.73,2.6,0.92,0.59,1
syn-road-0992,secondary,9.26,20.4,51.1,0.31,5.3,0.12,0.48,0
syn-road-0993,secondary,13.52,31.1,101.0,0.56,8.4,0.91,0.57,1
syn-road-0994,local,3.72,10.0,170.0,0.54,13.9,0.57,0.57,0
syn-road-0995,local,5.7,18.9,186.8,0.63,13.6,0.83,0.62,1
syn-road-0996,arterial,13.97,19.3,151.9,0.55,5.8,0.55,0.66,0
syn-road-0997,secondary,1.14,6.4,216.0,0.42,17.7,0.25,0.57,0
syn-road-0998,arterial,5.4,10.2,150.9,0.75,4.7,0.86,0.81,1
syn-road-0999,secondary,3.03,11.1,143.3,0.59,0.8,0.46,0.78,0
