product_id,ingredient_id,quantity_required,unit,provenance,is_synthetic
P001,I001,0.250,kg,INTERVIEW_RANGE_ASSUMED_EXACT,true
P001,I027,0.018,kg,ASSUMPTION,true
P001,I028,0.120,kg,ASSUMPTION,true
P001,I029,0.100,l,ASSUMPTION,true
P001,I026,1,pcs,ASSUMPTION,true
P002,I002,0.300,kg,INTERVIEW_RANGE_ASSUMED_EXACT,true
P002,I027,0.018,kg,ASSUMPTION,true
P002,I028,0.120,kg,ASSUMPTION,true
P002,I029,0.100,l,ASSUMPTION,true
P002,I026,1,pcs,ASSUMPTION,true
P003,I003,0.250,kg,INTERVIEW_RANGE_ASSUMED_EXACT,true
P003,I027,0.018,kg,ASSUMPTION,true
P003,I028,0.120,kg,ASSUMPTION,true
P003,I029,0.100,l,ASSUMPTION,true
P003,I026,1,pcs,ASSUMPTION,true
P004,I004,0.200,kg,INTERVIEW_RANGE_ASSUMED_EXACT,true
P004,I027,0.018,kg,ASSUMPTION,true
P004,I028,0.120,kg,ASSUMPTION,true
P004,I029,0.100,l,ASSUMPTION,true
P004,I026,1,pcs,ASSUMPTION,true
P005,I005,0.250,kg,INTERVIEW_RANGE_ASSUMED_EXACT,true
P005,I027,0.018,kg,ASSUMPTION,true
P005,I028,0.120,kg,ASSUMPTION,true
P005,I029,0.100,l,ASSUMPTION,true
P005,I026,1,pcs,ASSUMPTION,true
P006,I006,0.280,kg,INTERVIEW_RANGE_ASSUMED_EXACT,true
P006,I027,0.018,kg,ASSUMPTION,true
P006,I028,0.120,kg,ASSUMPTION,true
P006,I029,0.100,l,ASSUMPTION,true
P006,I026,1,pcs,ASSUMPTION,true
P007,I007,0.220,kg,INTERVIEW_RANGE_ASSUMED_EXACT,true
P007,I027,0.018,kg,ASSUMPTION,true
P007,I028,0.120,kg,ASSUMPTION,true
P007,I029,0.100,l,ASSUMPTION,true
P007,I026,1,pcs,ASSUMPTION,true
P008,I008,0.200,kg,INTERVIEW_RANGE_ASSUMED_EXACT,true
P008,I027,0.018,kg,ASSUMPTION,true
P008,I028,0.120,kg,ASSUMPTION,true
P008,I029,0.100,l,ASSUMPTION,true
P008,I026,1,pcs,ASSUMPTION,true
P009,I009,0.200,kg,INTERVIEW_RANGE_ASSUMED_EXACT,true
P009,I027,0.018,kg,ASSUMPTION,true
P009,I028,0.120,kg,ASSUMPTION,true
P009,I029,0.100,l,ASSUMPTION,true
P009,I026,1,pcs,ASSUMPTION,true
P010,I010,0.280,kg,INTERVIEW_RANGE_ASSUMED_EXACT,true
P010,I027,0.018,kg,ASSUMPTION,true
P010,I028,0.120,kg,ASSUMPTION,true
P010,I029,0.100,l,ASSUMPTION,true
P010,I026,1,pcs,ASSUMPTION,true
P011,I011,0.220,kg,INTERVIEW_RANGE_ASSUMED_EXACT,true
P011,I027,0.018,kg,ASSUMPTION,true
P011,I028,0.120,kg,ASSUMPTION,true
P011,I029,0.100,l,ASSUMPTION,true
P011,I026,1,pcs,ASSUMPTION,true
